,frame_num,car,imdb_id
0,0,0,42053
1,24,0,42053
2,48,0,42053
3,72,0,42053
4,96,0,42053
5,120,0,42053
6,144,0,42053
7,168,0,42053
8,192,0,42053
9,216,0,42053
10,240,0,42053
11,264,0,42053
12,288,0,42053
13,312,0,42053
14,336,0,42053
15,360,0,42053
16,384,0,42053
17,408,0,42053
18,432,0,42053
19,456,0,42053
20,480,0,42053
21,504,0,42053
22,528,0,42053
23,552,0,42053
24,576,0,42053
25,600,0,42053
26,624,0,42053
27,648,0,42053
28,672,0,42053
29,696,0,42053
30,720,0,42053
31,744,0,42053
32,768,0,42053
33,792,0,42053
34,816,0,42053
35,840,0,42053
36,864,0,42053
37,888,0,42053
38,912,0,42053
39,936,0,42053
40,960,0,42053
41,984,0,42053
42,1008,0,42053
43,1032,0,42053
44,1056,0,42053
45,1080,0,42053
46,1104,0,42053
47,1128,0,42053
48,1152,0,42053
49,1176,0,42053
50,1200,0,42053
51,1224,0,42053
52,1248,0,42053
53,1272,0,42053
54,1296,0,42053
55,1320,0,42053
56,1344,0,42053
57,1368,0,42053
58,1392,0,42053
59,1416,0,42053
60,1440,0,42053
61,1464,0,42053
62,1488,0,42053
63,1512,0,42053
64,1536,0,42053
65,1560,0,42053
66,1584,0,42053
67,1608,0,42053
68,1632,0,42053
69,1656,0,42053
70,1680,0,42053
71,1704,0,42053
72,1728,0,42053
73,1752,0,42053
74,1776,0,42053
75,1800,0,42053
76,1824,0,42053
77,1848,0,42053
78,1872,0,42053
79,1896,0,42053
80,1920,0,42053
81,1944,0,42053
82,1968,0,42053
83,1992,0,42053
84,2016,0,42053
85,2040,0,42053
86,2064,0,42053
87,2088,0,42053
88,2112,0,42053
89,2136,0,42053
90,2160,0,42053
91,2184,0,42053
92,2208,0,42053
93,2232,0,42053
94,2256,0,42053
95,2280,0,42053
96,2304,0,42053
97,2328,0,42053
98,2352,0,42053
99,2376,0,42053
100,2400,0,42053
101,2424,0,42053
102,2448,0,42053
103,2472,0,42053
104,2496,0,42053
105,2520,0,42053
106,2544,0,42053
107,2568,0,42053
108,2592,0,42053
109,2616,0,42053
110,2640,0,42053
111,2664,0,42053
112,2688,0,42053
113,2712,0,42053
114,2736,0,42053
115,2760,0,42053
116,2784,0,42053
117,2808,0,42053
118,2832,0,42053
119,2856,0,42053
120,2880,0,42053
121,2904,0,42053
122,2928,0,42053
123,2952,0,42053
124,2976,0,42053
125,3000,0,42053
126,3024,0,42053
127,3048,0,42053
128,3072,0,42053
129,3096,0,42053
130,3120,0,42053
131,3144,0,42053
132,3168,0,42053
133,3192,0,42053
134,3216,0,42053
135,3240,0,42053
136,3264,0,42053
137,3288,0,42053
138,3312,0,42053
139,3336,0,42053
140,3360,0,42053
141,3384,0,42053
142,3408,0,42053
143,3432,0,42053
144,3456,0,42053
145,3480,0,42053
146,3504,0,42053
147,3528,0,42053
148,3552,0,42053
149,3576,0,42053
150,3600,0,42053
151,3624,0,42053
152,3648,0,42053
153,3672,1,42053
154,3696,0,42053
155,3720,0,42053
156,3744,0,42053
157,3768,0,42053
158,3792,0,42053
159,3816,1,42053
160,3840,0,42053
161,3864,0,42053
162,3888,0,42053
163,3912,0,42053
164,3936,0,42053
165,3960,0,42053
166,3984,0,42053
167,4008,1,42053
168,4032,0,42053
169,4056,0,42053
170,4080,0,42053
171,4104,0,42053
172,4128,0,42053
173,4152,0,42053
174,4176,0,42053
175,4200,0,42053
176,4224,1,42053
177,4248,0,42053
178,4272,0,42053
179,4296,0,42053
180,4320,0,42053
181,4344,0,42053
182,4368,0,42053
183,4392,0,42053
184,4416,0,42053
185,4440,0,42053
186,4464,0,42053
187,4488,0,42053
188,4512,0,42053
189,4536,0,42053
190,4560,0,42053
191,4584,0,42053
192,4608,0,42053
193,4632,0,42053
194,4656,0,42053
195,4680,0,42053
196,4704,0,42053
197,4728,0,42053
198,4752,0,42053
199,4776,0,42053
200,4800,0,42053
201,4824,0,42053
202,4848,0,42053
203,4872,0,42053
204,4896,0,42053
205,4920,0,42053
206,4944,0,42053
207,4968,0,42053
208,4992,0,42053
209,5016,0,42053
210,5040,0,42053
211,5064,0,42053
212,5088,0,42053
213,5112,0,42053
214,5136,0,42053
215,5160,0,42053
216,5184,0,42053
217,5208,0,42053
218,5232,0,42053
219,5256,0,42053
220,5280,0,42053
221,5304,0,42053
222,5328,0,42053
223,5352,0,42053
224,5376,0,42053
225,5400,0,42053
226,5424,0,42053
227,5448,0,42053
228,5472,0,42053
229,5496,0,42053
230,5520,0,42053
231,5544,0,42053
232,5568,0,42053
233,5592,0,42053
234,5616,0,42053
235,5640,0,42053
236,5664,0,42053
237,5688,0,42053
238,5712,0,42053
239,5736,0,42053
240,5760,0,42053
241,5784,0,42053
242,5808,0,42053
243,5832,0,42053
244,5856,0,42053
245,5880,0,42053
246,5904,0,42053
247,5928,0,42053
248,5952,0,42053
249,5976,0,42053
250,6000,0,42053
251,6024,0,42053
252,6048,0,42053
253,6072,0,42053
254,6096,0,42053
255,6120,0,42053
256,6144,0,42053
257,6168,0,42053
258,6192,0,42053
259,6216,0,42053
260,6240,0,42053
261,6264,0,42053
262,6288,0,42053
263,6312,0,42053
264,6336,0,42053
265,6360,0,42053
266,6384,0,42053
267,6408,0,42053
268,6432,0,42053
269,6456,0,42053
270,6480,0,42053
271,6504,0,42053
272,6528,0,42053
273,6552,0,42053
274,6576,0,42053
275,6600,0,42053
276,6624,0,42053
277,6648,0,42053
278,6672,0,42053
279,6696,0,42053
280,6720,0,42053
281,6744,0,42053
282,6768,0,42053
283,6792,0,42053
284,6816,0,42053
285,6840,0,42053
286,6864,0,42053
287,6888,0,42053
288,6912,0,42053
289,6936,0,42053
290,6960,0,42053
291,6984,0,42053
292,7008,0,42053
293,7032,0,42053
294,7056,0,42053
295,7080,0,42053
296,7104,0,42053
297,7128,0,42053
298,7152,0,42053
299,7176,0,42053
300,7200,0,42053
301,7224,0,42053
302,7248,0,42053
303,7272,0,42053
304,7296,0,42053
305,7320,0,42053
306,7344,0,42053
307,7368,0,42053
308,7392,0,42053
309,7416,0,42053
310,7440,0,42053
311,7464,0,42053
312,7488,0,42053
313,7512,0,42053
314,7536,0,42053
315,7560,0,42053
316,7584,0,42053
317,7608,0,42053
318,7632,0,42053
319,7656,0,42053
320,7680,0,42053
321,7704,0,42053
322,7728,0,42053
323,7752,0,42053
324,7776,0,42053
325,7800,0,42053
326,7824,0,42053
327,7848,0,42053
328,7872,0,42053
329,7896,0,42053
330,7920,0,42053
331,7944,0,42053
332,7968,0,42053
333,7992,0,42053
334,8016,0,42053
335,8040,0,42053
336,8064,0,42053
337,8088,0,42053
338,8112,0,42053
339,8136,0,42053
340,8160,0,42053
341,8184,0,42053
342,8208,0,42053
343,8232,0,42053
344,8256,0,42053
345,8280,0,42053
346,8304,0,42053
347,8328,0,42053
348,8352,0,42053
349,8376,0,42053
350,8400,0,42053
351,8424,0,42053
352,8448,0,42053
353,8472,0,42053
354,8496,0,42053
355,8520,0,42053
356,8544,0,42053
357,8568,0,42053
358,8592,0,42053
359,8616,0,42053
360,8640,0,42053
361,8664,0,42053
362,8688,0,42053
363,8712,0,42053
364,8736,0,42053
365,8760,0,42053
366,8784,0,42053
367,8808,0,42053
368,8832,0,42053
369,8856,0,42053
370,8880,0,42053
371,8904,0,42053
372,8928,0,42053
373,8952,0,42053
374,8976,0,42053
375,9000,0,42053
376,9024,0,42053
377,9048,0,42053
378,9072,0,42053
379,9096,0,42053
380,9120,0,42053
381,9144,0,42053
382,9168,0,42053
383,9192,0,42053
384,9216,0,42053
385,9240,0,42053
386,9264,0,42053
387,9288,0,42053
388,9312,0,42053
389,9336,0,42053
390,9360,0,42053
391,9384,0,42053
392,9408,0,42053
393,9432,0,42053
394,9456,0,42053
395,9480,0,42053
396,9504,0,42053
397,9528,0,42053
398,9552,0,42053
399,9576,0,42053
400,9600,0,42053
401,9624,0,42053
402,9648,0,42053
403,9672,1,42053
404,9696,0,42053
405,9720,1,42053
406,9744,0,42053
407,9768,0,42053
408,9792,0,42053
409,9816,0,42053
410,9840,0,42053
411,9864,0,42053
412,9888,0,42053
413,9912,0,42053
414,9936,0,42053
415,9960,0,42053
416,9984,0,42053
417,10008,0,42053
418,10032,0,42053
419,10056,0,42053
420,10080,1,42053
421,10104,1,42053
422,10128,0,42053
423,10152,0,42053
424,10176,0,42053
425,10200,0,42053
426,10224,0,42053
427,10248,0,42053
428,10272,0,42053
429,10296,0,42053
430,10320,0,42053
431,10344,0,42053
432,10368,0,42053
433,10392,0,42053
434,10416,0,42053
435,10440,0,42053
436,10464,0,42053
437,10488,0,42053
438,10512,0,42053
439,10536,0,42053
440,10560,0,42053
441,10584,0,42053
442,10608,0,42053
443,10632,0,42053
444,10656,0,42053
445,10680,0,42053
446,10704,0,42053
447,10728,0,42053
448,10752,0,42053
449,10776,0,42053
450,10800,0,42053
451,10824,0,42053
452,10848,0,42053
453,10872,0,42053
454,10896,0,42053
455,10920,0,42053
456,10944,0,42053
457,10968,0,42053
458,10992,0,42053
459,11016,0,42053
460,11040,0,42053
461,11064,0,42053
462,11088,0,42053
463,11112,0,42053
464,11136,0,42053
465,11160,0,42053
466,11184,0,42053
467,11208,0,42053
468,11232,0,42053
469,11256,0,42053
470,11280,0,42053
471,11304,0,42053
472,11328,0,42053
473,11352,0,42053
474,11376,0,42053
475,11400,0,42053
476,11424,0,42053
477,11448,0,42053
478,11472,0,42053
479,11496,0,42053
480,11520,0,42053
481,11544,0,42053
482,11568,0,42053
483,11592,0,42053
484,11616,0,42053
485,11640,0,42053
486,11664,0,42053
487,11688,0,42053
488,11712,0,42053
489,11736,0,42053
490,11760,0,42053
491,11784,0,42053
492,11808,0,42053
493,11832,0,42053
494,11856,0,42053
495,11880,0,42053
496,11904,0,42053
497,11928,0,42053
498,11952,0,42053
499,11976,0,42053
500,12000,0,42053
501,12024,0,42053
502,12048,0,42053
503,12072,0,42053
504,12096,0,42053
505,12120,0,42053
506,12144,0,42053
507,12168,0,42053
508,12192,0,42053
509,12216,0,42053
510,12240,0,42053
511,12264,0,42053
512,12288,0,42053
513,12312,0,42053
514,12336,0,42053
515,12360,0,42053
516,12384,0,42053
517,12408,0,42053
518,12432,0,42053
519,12456,0,42053
520,12480,0,42053
521,12504,0,42053
522,12528,0,42053
523,12552,0,42053
524,12576,0,42053
525,12600,0,42053
526,12624,0,42053
527,12648,0,42053
528,12672,0,42053
529,12696,0,42053
530,12720,0,42053
531,12744,0,42053
532,12768,0,42053
533,12792,0,42053
534,12816,0,42053
535,12840,0,42053
536,12864,1,42053
537,12888,1,42053
538,12912,1,42053
539,12936,1,42053
540,12960,1,42053
541,12984,0,42053
542,13008,1,42053
543,13032,0,42053
544,13056,0,42053
545,13080,0,42053
546,13104,0,42053
547,13128,0,42053
548,13152,0,42053
549,13176,0,42053
550,13200,0,42053
551,13224,0,42053
552,13248,0,42053
553,13272,0,42053
554,13296,0,42053
555,13320,0,42053
556,13344,0,42053
557,13368,0,42053
558,13392,0,42053
559,13416,0,42053
560,13440,0,42053
561,13464,0,42053
562,13488,0,42053
563,13512,0,42053
564,13536,0,42053
565,13560,0,42053
566,13584,0,42053
567,13608,0,42053
568,13632,0,42053
569,13656,0,42053
570,13680,0,42053
571,13704,0,42053
572,13728,0,42053
573,13752,0,42053
574,13776,0,42053
575,13800,0,42053
576,13824,0,42053
577,13848,0,42053
578,13872,0,42053
579,13896,0,42053
580,13920,0,42053
581,13944,0,42053
582,13968,1,42053
583,13992,1,42053
584,14016,1,42053
585,14040,1,42053
586,14064,1,42053
587,14088,1,42053
588,14112,1,42053
589,14136,0,42053
590,14160,0,42053
591,14184,0,42053
592,14208,0,42053
593,14232,0,42053
594,14256,0,42053
595,14280,0,42053
596,14304,0,42053
597,14328,0,42053
598,14352,1,42053
599,14376,1,42053
600,14400,1,42053
601,14424,1,42053
602,14448,0,42053
603,14472,0,42053
604,14496,0,42053
605,14520,0,42053
606,14544,0,42053
607,14568,0,42053
608,14592,0,42053
609,14616,0,42053
610,14640,0,42053
611,14664,0,42053
612,14688,0,42053
613,14712,0,42053
614,14736,0,42053
615,14760,0,42053
616,14784,0,42053
617,14808,0,42053
618,14832,0,42053
619,14856,0,42053
620,14880,0,42053
621,14904,0,42053
622,14928,0,42053
623,14952,0,42053
624,14976,0,42053
625,15000,0,42053
626,15024,0,42053
627,15048,0,42053
628,15072,0,42053
629,15096,0,42053
630,15120,0,42053
631,15144,0,42053
632,15168,0,42053
633,15192,0,42053
634,15216,0,42053
635,15240,0,42053
636,15264,0,42053
637,15288,0,42053
638,15312,0,42053
639,15336,0,42053
640,15360,0,42053
641,15384,0,42053
642,15408,0,42053
643,15432,0,42053
644,15456,0,42053
645,15480,0,42053
646,15504,0,42053
647,15528,0,42053
648,15552,0,42053
649,15576,0,42053
650,15600,0,42053
651,15624,0,42053
652,15648,0,42053
653,15672,0,42053
654,15696,0,42053
655,15720,0,42053
656,15744,0,42053
657,15768,0,42053
658,15792,0,42053
659,15816,0,42053
660,15840,0,42053
661,15864,0,42053
662,15888,0,42053
663,15912,0,42053
664,15936,0,42053
665,15960,0,42053
666,15984,0,42053
667,16008,0,42053
668,16032,0,42053
669,16056,0,42053
670,16080,0,42053
671,16104,0,42053
672,16128,0,42053
673,16152,0,42053
674,16176,0,42053
675,16200,0,42053
676,16224,0,42053
677,16248,0,42053
678,16272,0,42053
679,16296,0,42053
680,16320,0,42053
681,16344,0,42053
682,16368,0,42053
683,16392,0,42053
684,16416,0,42053
685,16440,0,42053
686,16464,0,42053
687,16488,0,42053
688,16512,0,42053
689,16536,0,42053
690,16560,0,42053
691,16584,0,42053
692,16608,0,42053
693,16632,0,42053
694,16656,0,42053
695,16680,0,42053
696,16704,0,42053
697,16728,0,42053
698,16752,0,42053
699,16776,0,42053
700,16800,0,42053
701,16824,0,42053
702,16848,0,42053
703,16872,0,42053
704,16896,0,42053
705,16920,0,42053
706,16944,0,42053
707,16968,0,42053
708,16992,0,42053
709,17016,0,42053
710,17040,0,42053
711,17064,0,42053
712,17088,0,42053
713,17112,0,42053
714,17136,0,42053
715,17160,0,42053
716,17184,0,42053
717,17208,0,42053
718,17232,0,42053
719,17256,0,42053
720,17280,0,42053
721,17304,0,42053
722,17328,0,42053
723,17352,0,42053
724,17376,0,42053
725,17400,0,42053
726,17424,0,42053
727,17448,0,42053
728,17472,0,42053
729,17496,0,42053
730,17520,0,42053
731,17544,0,42053
732,17568,0,42053
733,17592,0,42053
734,17616,0,42053
735,17640,1,42053
736,17664,0,42053
737,17688,0,42053
738,17712,1,42053
739,17736,1,42053
740,17760,1,42053
741,17784,1,42053
742,17808,1,42053
743,17832,1,42053
744,17856,1,42053
745,17880,0,42053
746,17904,0,42053
747,17928,0,42053
748,17952,0,42053
749,17976,0,42053
750,18000,0,42053
751,18024,0,42053
752,18048,0,42053
753,18072,0,42053
754,18096,0,42053
755,18120,0,42053
756,18144,0,42053
757,18168,0,42053
758,18192,0,42053
759,18216,0,42053
760,18240,0,42053
761,18264,0,42053
762,18288,0,42053
763,18312,0,42053
764,18336,0,42053
765,18360,0,42053
766,18384,0,42053
767,18408,0,42053
768,18432,0,42053
769,18456,0,42053
770,18480,0,42053
771,18504,0,42053
772,18528,0,42053
773,18552,0,42053
774,18576,0,42053
775,18600,0,42053
776,18624,0,42053
777,18648,0,42053
778,18672,0,42053
779,18696,0,42053
780,18720,0,42053
781,18744,0,42053
782,18768,0,42053
783,18792,0,42053
784,18816,0,42053
785,18840,0,42053
786,18864,0,42053
787,18888,0,42053
788,18912,0,42053
789,18936,0,42053
790,18960,0,42053
791,18984,0,42053
792,19008,0,42053
793,19032,0,42053
794,19056,0,42053
795,19080,0,42053
796,19104,0,42053
797,19128,0,42053
798,19152,0,42053
799,19176,0,42053
800,19200,0,42053
801,19224,0,42053
802,19248,0,42053
803,19272,0,42053
804,19296,0,42053
805,19320,0,42053
806,19344,0,42053
807,19368,0,42053
808,19392,0,42053
809,19416,0,42053
810,19440,0,42053
811,19464,0,42053
812,19488,0,42053
813,19512,0,42053
814,19536,0,42053
815,19560,0,42053
816,19584,0,42053
817,19608,0,42053
818,19632,0,42053
819,19656,0,42053
820,19680,0,42053
821,19704,0,42053
822,19728,0,42053
823,19752,1,42053
824,19776,1,42053
825,19800,0,42053
826,19824,0,42053
827,19848,0,42053
828,19872,0,42053
829,19896,0,42053
830,19920,0,42053
831,19944,0,42053
832,19968,0,42053
833,19992,0,42053
834,20016,0,42053
835,20040,0,42053
836,20064,0,42053
837,20088,0,42053
838,20112,0,42053
839,20136,0,42053
840,20160,0,42053
841,20184,0,42053
842,20208,0,42053
843,20232,0,42053
844,20256,0,42053
845,20280,0,42053
846,20304,0,42053
847,20328,0,42053
848,20352,0,42053
849,20376,0,42053
850,20400,0,42053
851,20424,0,42053
852,20448,0,42053
853,20472,0,42053
854,20496,0,42053
855,20520,0,42053
856,20544,0,42053
857,20568,0,42053
858,20592,0,42053
859,20616,0,42053
860,20640,0,42053
861,20664,0,42053
862,20688,0,42053
863,20712,0,42053
864,20736,0,42053
865,20760,0,42053
866,20784,0,42053
867,20808,0,42053
868,20832,0,42053
869,20856,0,42053
870,20880,0,42053
871,20904,0,42053
872,20928,0,42053
873,20952,0,42053
874,20976,0,42053
875,21000,0,42053
876,21024,0,42053
877,21048,0,42053
878,21072,0,42053
879,21096,0,42053
880,21120,0,42053
881,21144,0,42053
882,21168,0,42053
883,21192,1,42053
884,21216,1,42053
885,21240,1,42053
886,21264,1,42053
887,21288,1,42053
888,21312,1,42053
889,21336,1,42053
890,21360,1,42053
891,21384,0,42053
892,21408,0,42053
893,21432,0,42053
894,21456,0,42053
895,21480,0,42053
896,21504,0,42053
897,21528,0,42053
898,21552,0,42053
899,21576,0,42053
900,21600,1,42053
901,21624,1,42053
902,21648,0,42053
903,21672,0,42053
904,21696,0,42053
905,21720,0,42053
906,21744,0,42053
907,21768,0,42053
908,21792,0,42053
909,21816,0,42053
910,21840,0,42053
911,21864,0,42053
912,21888,0,42053
913,21912,0,42053
914,21936,0,42053
915,21960,0,42053
916,21984,0,42053
917,22008,0,42053
918,22032,0,42053
919,22056,0,42053
920,22080,0,42053
921,22104,0,42053
922,22128,0,42053
923,22152,0,42053
924,22176,0,42053
925,22200,0,42053
926,22224,0,42053
927,22248,0,42053
928,22272,0,42053
929,22296,0,42053
930,22320,0,42053
931,22344,0,42053
932,22368,0,42053
933,22392,0,42053
934,22416,0,42053
935,22440,0,42053
936,22464,0,42053
937,22488,0,42053
938,22512,0,42053
939,22536,0,42053
940,22560,0,42053
941,22584,0,42053
942,22608,0,42053
943,22632,0,42053
944,22656,0,42053
945,22680,0,42053
946,22704,0,42053
947,22728,0,42053
948,22752,0,42053
949,22776,0,42053
950,22800,0,42053
951,22824,0,42053
952,22848,0,42053
953,22872,0,42053
954,22896,0,42053
955,22920,0,42053
956,22944,0,42053
957,22968,0,42053
958,22992,0,42053
959,23016,0,42053
960,23040,0,42053
961,23064,0,42053
962,23088,0,42053
963,23112,0,42053
964,23136,0,42053
965,23160,0,42053
966,23184,0,42053
967,23208,0,42053
968,23232,0,42053
969,23256,0,42053
970,23280,0,42053
971,23304,0,42053
972,23328,0,42053
973,23352,0,42053
974,23376,0,42053
975,23400,0,42053
976,23424,0,42053
977,23448,0,42053
978,23472,0,42053
979,23496,0,42053
980,23520,0,42053
981,23544,0,42053
982,23568,0,42053
983,23592,0,42053
984,23616,0,42053
985,23640,0,42053
986,23664,0,42053
987,23688,0,42053
988,23712,0,42053
989,23736,0,42053
990,23760,0,42053
991,23784,0,42053
992,23808,0,42053
993,23832,0,42053
994,23856,0,42053
995,23880,0,42053
996,23904,0,42053
997,23928,0,42053
998,23952,0,42053
999,23976,0,42053
1000,24000,0,42053
1001,24024,0,42053
1002,24048,0,42053
1003,24072,0,42053
1004,24096,0,42053
1005,24120,0,42053
1006,24144,0,42053
1007,24168,0,42053
1008,24192,0,42053
1009,24216,0,42053
1010,24240,0,42053
1011,24264,0,42053
1012,24288,0,42053
1013,24312,0,42053
1014,24336,0,42053
1015,24360,0,42053
1016,24384,0,42053
1017,24408,0,42053
1018,24432,0,42053
1019,24456,0,42053
1020,24480,0,42053
1021,24504,0,42053
1022,24528,0,42053
1023,24552,0,42053
1024,24576,1,42053
1025,24600,0,42053
1026,24624,0,42053
1027,24648,0,42053
1028,24672,0,42053
1029,24696,0,42053
1030,24720,0,42053
1031,24744,0,42053
1032,24768,0,42053
1033,24792,0,42053
1034,24816,0,42053
1035,24840,0,42053
1036,24864,0,42053
1037,24888,0,42053
1038,24912,0,42053
1039,24936,0,42053
1040,24960,0,42053
1041,24984,0,42053
1042,25008,0,42053
1043,25032,0,42053
1044,25056,0,42053
1045,25080,0,42053
1046,25104,0,42053
1047,25128,0,42053
1048,25152,0,42053
1049,25176,0,42053
1050,25200,0,42053
1051,25224,0,42053
1052,25248,0,42053
1053,25272,0,42053
1054,25296,0,42053
1055,25320,0,42053
1056,25344,0,42053
1057,25368,0,42053
1058,25392,0,42053
1059,25416,0,42053
1060,25440,0,42053
1061,25464,0,42053
1062,25488,0,42053
1063,25512,0,42053
1064,25536,0,42053
1065,25560,0,42053
1066,25584,0,42053
1067,25608,0,42053
1068,25632,0,42053
1069,25656,0,42053
1070,25680,0,42053
1071,25704,0,42053
1072,25728,0,42053
1073,25752,0,42053
1074,25776,0,42053
1075,25800,0,42053
1076,25824,0,42053
1077,25848,0,42053
1078,25872,0,42053
1079,25896,0,42053
1080,25920,0,42053
1081,25944,0,42053
1082,25968,0,42053
1083,25992,0,42053
1084,26016,0,42053
1085,26040,0,42053
1086,26064,0,42053
1087,26088,0,42053
1088,26112,0,42053
1089,26136,0,42053
1090,26160,0,42053
1091,26184,0,42053
1092,26208,0,42053
1093,26232,0,42053
1094,26256,0,42053
1095,26280,0,42053
1096,26304,0,42053
1097,26328,0,42053
1098,26352,0,42053
1099,26376,0,42053
1100,26400,0,42053
1101,26424,0,42053
1102,26448,0,42053
1103,26472,0,42053
1104,26496,0,42053
1105,26520,0,42053
1106,26544,0,42053
1107,26568,0,42053
1108,26592,0,42053
1109,26616,0,42053
1110,26640,0,42053
1111,26664,0,42053
1112,26688,0,42053
1113,26712,0,42053
1114,26736,0,42053
1115,26760,0,42053
1116,26784,0,42053
1117,26808,0,42053
1118,26832,0,42053
1119,26856,0,42053
1120,26880,0,42053
1121,26904,0,42053
1122,26928,0,42053
1123,26952,0,42053
1124,26976,0,42053
1125,27000,0,42053
1126,27024,0,42053
1127,27048,0,42053
1128,27072,0,42053
1129,27096,0,42053
1130,27120,0,42053
1131,27144,0,42053
1132,27168,0,42053
1133,27192,0,42053
1134,27216,0,42053
1135,27240,0,42053
1136,27264,0,42053
1137,27288,0,42053
1138,27312,0,42053
1139,27336,0,42053
1140,27360,0,42053
1141,27384,0,42053
1142,27408,0,42053
1143,27432,0,42053
1144,27456,0,42053
1145,27480,0,42053
1146,27504,0,42053
1147,27528,0,42053
1148,27552,0,42053
1149,27576,0,42053
1150,27600,0,42053
1151,27624,0,42053
1152,27648,0,42053
1153,27672,0,42053
1154,27696,0,42053
1155,27720,0,42053
1156,27744,0,42053
1157,27768,0,42053
1158,27792,0,42053
1159,27816,0,42053
1160,27840,0,42053
1161,27864,0,42053
1162,27888,0,42053
1163,27912,0,42053
1164,27936,0,42053
1165,27960,0,42053
1166,27984,0,42053
1167,28008,0,42053
1168,28032,0,42053
1169,28056,0,42053
1170,28080,0,42053
1171,28104,0,42053
1172,28128,0,42053
1173,28152,0,42053
1174,28176,0,42053
1175,28200,0,42053
1176,28224,0,42053
1177,28248,0,42053
1178,28272,0,42053
1179,28296,0,42053
1180,28320,0,42053
1181,28344,0,42053
1182,28368,0,42053
1183,28392,0,42053
1184,28416,0,42053
1185,28440,0,42053
1186,28464,0,42053
1187,28488,0,42053
1188,28512,0,42053
1189,28536,0,42053
1190,28560,0,42053
1191,28584,0,42053
1192,28608,0,42053
1193,28632,0,42053
1194,28656,0,42053
1195,28680,0,42053
1196,28704,0,42053
1197,28728,0,42053
1198,28752,0,42053
1199,28776,0,42053
1200,28800,0,42053
1201,28824,0,42053
1202,28848,0,42053
1203,28872,0,42053
1204,28896,0,42053
1205,28920,0,42053
1206,28944,0,42053
1207,28968,0,42053
1208,28992,1,42053
1209,29016,0,42053
1210,29040,0,42053
1211,29064,0,42053
1212,29088,0,42053
1213,29112,0,42053
1214,29136,0,42053
1215,29160,0,42053
1216,29184,0,42053
1217,29208,0,42053
1218,29232,0,42053
1219,29256,0,42053
1220,29280,0,42053
1221,29304,0,42053
1222,29328,0,42053
1223,29352,0,42053
1224,29376,0,42053
1225,29400,0,42053
1226,29424,0,42053
1227,29448,0,42053
1228,29472,0,42053
1229,29496,0,42053
1230,29520,1,42053
1231,29544,1,42053
1232,29568,1,42053
1233,29592,1,42053
1234,29616,0,42053
1235,29640,0,42053
1236,29664,0,42053
1237,29688,0,42053
1238,29712,0,42053
1239,29736,0,42053
1240,29760,0,42053
1241,29784,0,42053
1242,29808,0,42053
1243,29832,0,42053
1244,29856,0,42053
1245,29880,0,42053
1246,29904,0,42053
1247,29928,0,42053
1248,29952,0,42053
1249,29976,0,42053
1250,30000,0,42053
1251,30024,0,42053
1252,30048,0,42053
1253,30072,0,42053
1254,30096,0,42053
1255,30120,0,42053
1256,30144,0,42053
1257,30168,0,42053
1258,30192,0,42053
1259,30216,0,42053
1260,30240,0,42053
1261,30264,0,42053
1262,30288,0,42053
1263,30312,0,42053
1264,30336,0,42053
1265,30360,0,42053
1266,30384,0,42053
1267,30408,0,42053
1268,30432,0,42053
1269,30456,0,42053
1270,30480,0,42053
1271,30504,0,42053
1272,30528,0,42053
1273,30552,0,42053
1274,30576,0,42053
1275,30600,0,42053
1276,30624,0,42053
1277,30648,0,42053
1278,30672,0,42053
1279,30696,0,42053
1280,30720,0,42053
1281,30744,0,42053
1282,30768,0,42053
1283,30792,0,42053
1284,30816,0,42053
1285,30840,0,42053
1286,30864,0,42053
1287,30888,0,42053
1288,30912,0,42053
1289,30936,0,42053
1290,30960,0,42053
1291,30984,0,42053
1292,31008,0,42053
1293,31032,0,42053
1294,31056,0,42053
1295,31080,0,42053
1296,31104,0,42053
1297,31128,0,42053
1298,31152,0,42053
1299,31176,0,42053
1300,31200,0,42053
1301,31224,1,42053
1302,31248,1,42053
1303,31272,0,42053
1304,31296,0,42053
1305,31320,0,42053
1306,31344,0,42053
1307,31368,0,42053
1308,31392,0,42053
1309,31416,0,42053
1310,31440,0,42053
1311,31464,0,42053
1312,31488,0,42053
1313,31512,0,42053
1314,31536,0,42053
1315,31560,0,42053
1316,31584,0,42053
1317,31608,0,42053
1318,31632,0,42053
1319,31656,0,42053
1320,31680,0,42053
1321,31704,0,42053
1322,31728,0,42053
1323,31752,0,42053
1324,31776,0,42053
1325,31800,0,42053
1326,31824,0,42053
1327,31848,0,42053
1328,31872,0,42053
1329,31896,0,42053
1330,31920,0,42053
1331,31944,0,42053
1332,31968,0,42053
1333,31992,0,42053
1334,32016,0,42053
1335,32040,0,42053
1336,32064,0,42053
1337,32088,0,42053
1338,32112,0,42053
1339,32136,0,42053
1340,32160,0,42053
1341,32184,0,42053
1342,32208,0,42053
1343,32232,0,42053
1344,32256,0,42053
1345,32280,0,42053
1346,32304,0,42053
1347,32328,0,42053
1348,32352,0,42053
1349,32376,0,42053
1350,32400,0,42053
1351,32424,0,42053
1352,32448,0,42053
1353,32472,0,42053
1354,32496,0,42053
1355,32520,0,42053
1356,32544,0,42053
1357,32568,0,42053
1358,32592,0,42053
1359,32616,1,42053
1360,32640,0,42053
1361,32664,0,42053
1362,32688,0,42053
1363,32712,0,42053
1364,32736,0,42053
1365,32760,0,42053
1366,32784,0,42053
1367,32808,0,42053
1368,32832,0,42053
1369,32856,0,42053
1370,32880,0,42053
1371,32904,0,42053
1372,32928,0,42053
1373,32952,0,42053
1374,32976,0,42053
1375,33000,0,42053
1376,33024,1,42053
1377,33048,0,42053
1378,33072,0,42053
1379,33096,0,42053
1380,33120,0,42053
1381,33144,0,42053
1382,33168,0,42053
1383,33192,0,42053
1384,33216,0,42053
1385,33240,0,42053
1386,33264,0,42053
1387,33288,0,42053
1388,33312,0,42053
1389,33336,0,42053
1390,33360,0,42053
1391,33384,0,42053
1392,33408,0,42053
1393,33432,0,42053
1394,33456,0,42053
1395,33480,0,42053
1396,33504,0,42053
1397,33528,0,42053
1398,33552,0,42053
1399,33576,0,42053
1400,33600,0,42053
1401,33624,0,42053
1402,33648,0,42053
1403,33672,0,42053
1404,33696,0,42053
1405,33720,0,42053
1406,33744,0,42053
1407,33768,0,42053
1408,33792,0,42053
1409,33816,0,42053
1410,33840,0,42053
1411,33864,0,42053
1412,33888,0,42053
1413,33912,0,42053
1414,33936,0,42053
1415,33960,0,42053
1416,33984,0,42053
1417,34008,0,42053
1418,34032,0,42053
1419,34056,0,42053
1420,34080,0,42053
1421,34104,0,42053
1422,34128,0,42053
1423,34152,0,42053
1424,34176,0,42053
1425,34200,0,42053
1426,34224,0,42053
1427,34248,0,42053
1428,34272,0,42053
1429,34296,0,42053
1430,34320,0,42053
1431,34344,0,42053
1432,34368,0,42053
1433,34392,0,42053
1434,34416,0,42053
1435,34440,0,42053
1436,34464,0,42053
1437,34488,0,42053
1438,34512,0,42053
1439,34536,0,42053
1440,34560,0,42053
1441,34584,0,42053
1442,34608,0,42053
1443,34632,0,42053
1444,34656,0,42053
1445,34680,0,42053
1446,34704,0,42053
1447,34728,0,42053
1448,34752,0,42053
1449,34776,0,42053
1450,34800,0,42053
1451,34824,0,42053
1452,34848,0,42053
1453,34872,0,42053
1454,34896,0,42053
1455,34920,0,42053
1456,34944,0,42053
1457,34968,0,42053
1458,34992,0,42053
1459,35016,1,42053
1460,35040,0,42053
1461,35064,0,42053
1462,35088,0,42053
1463,35112,0,42053
1464,35136,0,42053
1465,35160,0,42053
1466,35184,0,42053
1467,35208,0,42053
1468,35232,0,42053
1469,35256,0,42053
1470,35280,0,42053
1471,35304,0,42053
1472,35328,0,42053
1473,35352,0,42053
1474,35376,0,42053
1475,35400,0,42053
1476,35424,0,42053
1477,35448,0,42053
1478,35472,0,42053
1479,35496,0,42053
1480,35520,0,42053
1481,35544,0,42053
1482,35568,0,42053
1483,35592,0,42053
1484,35616,0,42053
1485,35640,0,42053
1486,35664,0,42053
1487,35688,0,42053
1488,35712,0,42053
1489,35736,0,42053
1490,35760,0,42053
1491,35784,0,42053
1492,35808,0,42053
1493,35832,0,42053
1494,35856,0,42053
1495,35880,0,42053
1496,35904,0,42053
1497,35928,0,42053
1498,35952,0,42053
1499,35976,0,42053
1500,36000,0,42053
1501,36024,0,42053
1502,36048,0,42053
1503,36072,0,42053
1504,36096,0,42053
1505,36120,0,42053
1506,36144,0,42053
1507,36168,0,42053
1508,36192,0,42053
1509,36216,0,42053
1510,36240,0,42053
1511,36264,0,42053
1512,36288,0,42053
1513,36312,0,42053
1514,36336,0,42053
1515,36360,0,42053
1516,36384,1,42053
1517,36408,0,42053
1518,36432,0,42053
1519,36456,0,42053
1520,36480,0,42053
1521,36504,0,42053
1522,36528,0,42053
1523,36552,0,42053
1524,36576,0,42053
1525,36600,0,42053
1526,36624,0,42053
1527,36648,0,42053
1528,36672,0,42053
1529,36696,0,42053
1530,36720,0,42053
1531,36744,0,42053
1532,36768,0,42053
1533,36792,0,42053
1534,36816,0,42053
1535,36840,0,42053
1536,36864,0,42053
1537,36888,0,42053
1538,36912,0,42053
1539,36936,0,42053
1540,36960,0,42053
1541,36984,0,42053
1542,37008,0,42053
1543,37032,0,42053
1544,37056,0,42053
1545,37080,1,42053
1546,37104,0,42053
1547,37128,1,42053
1548,37152,0,42053
1549,37176,0,42053
1550,37200,0,42053
1551,37224,0,42053
1552,37248,0,42053
1553,37272,0,42053
1554,37296,0,42053
1555,37320,0,42053
1556,37344,0,42053
1557,37368,0,42053
1558,37392,0,42053
1559,37416,0,42053
1560,37440,0,42053
1561,37464,0,42053
1562,37488,1,42053
1563,37512,0,42053
1564,37536,0,42053
1565,37560,1,42053
1566,37584,1,42053
1567,37608,1,42053
1568,37632,1,42053
1569,37656,1,42053
1570,37680,0,42053
1571,37704,0,42053
1572,37728,0,42053
1573,37752,0,42053
1574,37776,0,42053
1575,37800,0,42053
1576,37824,0,42053
1577,37848,0,42053
1578,37872,0,42053
1579,37896,0,42053
1580,37920,0,42053
1581,37944,0,42053
1582,37968,0,42053
1583,37992,0,42053
1584,38016,0,42053
1585,38040,0,42053
1586,38064,0,42053
1587,38088,0,42053
1588,38112,0,42053
1589,38136,0,42053
1590,38160,0,42053
1591,38184,0,42053
1592,38208,0,42053
1593,38232,0,42053
1594,38256,0,42053
1595,38280,0,42053
1596,38304,0,42053
1597,38328,0,42053
1598,38352,0,42053
1599,38376,0,42053
1600,38400,0,42053
1601,38424,0,42053
1602,38448,0,42053
1603,38472,0,42053
1604,38496,0,42053
1605,38520,0,42053
1606,38544,0,42053
1607,38568,0,42053
1608,38592,0,42053
1609,38616,0,42053
1610,38640,0,42053
1611,38664,0,42053
1612,38688,0,42053
1613,38712,0,42053
1614,38736,0,42053
1615,38760,0,42053
1616,38784,0,42053
1617,38808,0,42053
1618,38832,0,42053
1619,38856,0,42053
1620,38880,0,42053
1621,38904,0,42053
1622,38928,0,42053
1623,38952,0,42053
1624,38976,0,42053
1625,39000,0,42053
1626,39024,0,42053
1627,39048,0,42053
1628,39072,0,42053
1629,39096,0,42053
1630,39120,0,42053
1631,39144,0,42053
1632,39168,0,42053
1633,39192,0,42053
1634,39216,0,42053
1635,39240,0,42053
1636,39264,0,42053
1637,39288,0,42053
1638,39312,0,42053
1639,39336,0,42053
1640,39360,0,42053
1641,39384,0,42053
1642,39408,0,42053
1643,39432,0,42053
1644,39456,0,42053
1645,39480,0,42053
1646,39504,0,42053
1647,39528,0,42053
1648,39552,0,42053
1649,39576,0,42053
1650,39600,0,42053
1651,39624,0,42053
1652,39648,0,42053
1653,39672,0,42053
1654,39696,0,42053
1655,39720,0,42053
1656,39744,0,42053
1657,39768,0,42053
1658,39792,0,42053
1659,39816,0,42053
1660,39840,0,42053
1661,39864,0,42053
1662,39888,0,42053
1663,39912,0,42053
1664,39936,0,42053
1665,39960,0,42053
1666,39984,0,42053
1667,40008,0,42053
1668,40032,0,42053
1669,40056,0,42053
1670,40080,0,42053
1671,40104,0,42053
1672,40128,0,42053
1673,40152,0,42053
1674,40176,0,42053
1675,40200,0,42053
1676,40224,0,42053
1677,40248,0,42053
1678,40272,0,42053
1679,40296,0,42053
1680,40320,0,42053
1681,40344,0,42053
1682,40368,0,42053
1683,40392,0,42053
1684,40416,0,42053
1685,40440,0,42053
1686,40464,0,42053
1687,40488,0,42053
1688,40512,0,42053
1689,40536,0,42053
1690,40560,0,42053
1691,40584,0,42053
1692,40608,0,42053
1693,40632,0,42053
1694,40656,0,42053
1695,40680,0,42053
1696,40704,0,42053
1697,40728,0,42053
1698,40752,0,42053
1699,40776,0,42053
1700,40800,0,42053
1701,40824,0,42053
1702,40848,0,42053
1703,40872,0,42053
1704,40896,0,42053
1705,40920,0,42053
1706,40944,0,42053
1707,40968,0,42053
1708,40992,0,42053
1709,41016,0,42053
1710,41040,0,42053
1711,41064,0,42053
1712,41088,0,42053
1713,41112,0,42053
1714,41136,0,42053
1715,41160,0,42053
1716,41184,0,42053
1717,41208,0,42053
1718,41232,0,42053
1719,41256,0,42053
1720,41280,0,42053
1721,41304,0,42053
1722,41328,0,42053
1723,41352,0,42053
1724,41376,0,42053
1725,41400,0,42053
1726,41424,0,42053
1727,41448,0,42053
1728,41472,0,42053
1729,41496,0,42053
1730,41520,0,42053
1731,41544,0,42053
1732,41568,0,42053
1733,41592,0,42053
1734,41616,0,42053
1735,41640,0,42053
1736,41664,0,42053
1737,41688,0,42053
1738,41712,0,42053
1739,41736,0,42053
1740,41760,0,42053
1741,41784,0,42053
1742,41808,0,42053
1743,41832,0,42053
1744,41856,0,42053
1745,41880,0,42053
1746,41904,0,42053
1747,41928,0,42053
1748,41952,0,42053
1749,41976,0,42053
1750,42000,0,42053
1751,42024,0,42053
1752,42048,0,42053
1753,42072,0,42053
1754,42096,0,42053
1755,42120,0,42053
1756,42144,0,42053
1757,42168,0,42053
1758,42192,0,42053
1759,42216,0,42053
1760,42240,0,42053
1761,42264,0,42053
1762,42288,0,42053
1763,42312,0,42053
1764,42336,0,42053
1765,42360,0,42053
1766,42384,0,42053
1767,42408,0,42053
1768,42432,0,42053
1769,42456,0,42053
1770,42480,0,42053
1771,42504,0,42053
1772,42528,0,42053
1773,42552,0,42053
1774,42576,0,42053
1775,42600,0,42053
1776,42624,0,42053
1777,42648,0,42053
1778,42672,0,42053
1779,42696,0,42053
1780,42720,0,42053
1781,42744,0,42053
1782,42768,0,42053
1783,42792,0,42053
1784,42816,0,42053
1785,42840,0,42053
1786,42864,0,42053
1787,42888,0,42053
1788,42912,0,42053
1789,42936,0,42053
1790,42960,0,42053
1791,42984,0,42053
1792,43008,0,42053
1793,43032,0,42053
1794,43056,0,42053
1795,43080,0,42053
1796,43104,0,42053
1797,43128,0,42053
1798,43152,0,42053
1799,43176,0,42053
1800,43200,0,42053
1801,43224,0,42053
1802,43248,0,42053
1803,43272,0,42053
1804,43296,0,42053
1805,43320,0,42053
1806,43344,0,42053
1807,43368,0,42053
1808,43392,1,42053
1809,43416,0,42053
1810,43440,0,42053
1811,43464,0,42053
1812,43488,0,42053
1813,43512,0,42053
1814,43536,0,42053
1815,43560,0,42053
1816,43584,0,42053
1817,43608,0,42053
1818,43632,0,42053
1819,43656,0,42053
1820,43680,0,42053
1821,43704,0,42053
1822,43728,0,42053
1823,43752,0,42053
1824,43776,0,42053
1825,43800,0,42053
1826,43824,1,42053
1827,43848,0,42053
1828,43872,0,42053
1829,43896,0,42053
1830,43920,0,42053
1831,43944,0,42053
1832,43968,0,42053
1833,43992,1,42053
1834,44016,0,42053
1835,44040,0,42053
1836,44064,0,42053
1837,44088,0,42053
1838,44112,0,42053
1839,44136,0,42053
1840,44160,0,42053
1841,44184,0,42053
1842,44208,1,42053
1843,44232,0,42053
1844,44256,0,42053
1845,44280,0,42053
1846,44304,1,42053
1847,44328,0,42053
1848,44352,0,42053
1849,44376,0,42053
1850,44400,1,42053
1851,44424,0,42053
1852,44448,0,42053
1853,44472,0,42053
1854,44496,1,42053
1855,44520,0,42053
1856,44544,0,42053
1857,44568,0,42053
1858,44592,0,42053
1859,44616,0,42053
1860,44640,0,42053
1861,44664,0,42053
1862,44688,0,42053
1863,44712,0,42053
1864,44736,0,42053
1865,44760,0,42053
1866,44784,0,42053
1867,44808,0,42053
1868,44832,1,42053
1869,44856,1,42053
1870,44880,1,42053
1871,44904,0,42053
1872,44928,0,42053
1873,44952,0,42053
1874,44976,0,42053
1875,45000,0,42053
1876,45024,0,42053
1877,45048,0,42053
1878,45072,0,42053
1879,45096,0,42053
1880,45120,0,42053
1881,45144,0,42053
1882,45168,0,42053
1883,45192,0,42053
1884,45216,0,42053
1885,45240,0,42053
1886,45264,0,42053
1887,45288,0,42053
1888,45312,0,42053
1889,45336,0,42053
1890,45360,0,42053
1891,45384,0,42053
1892,45408,0,42053
1893,45432,0,42053
1894,45456,0,42053
1895,45480,0,42053
1896,45504,0,42053
1897,45528,0,42053
1898,45552,0,42053
1899,45576,0,42053
1900,45600,0,42053
1901,45624,0,42053
1902,45648,0,42053
1903,45672,0,42053
1904,45696,0,42053
1905,45720,0,42053
1906,45744,0,42053
1907,45768,0,42053
1908,45792,0,42053
1909,45816,0,42053
1910,45840,0,42053
1911,45864,0,42053
1912,45888,0,42053
1913,45912,0,42053
1914,45936,0,42053
1915,45960,0,42053
1916,45984,0,42053
1917,46008,0,42053
1918,46032,0,42053
1919,46056,0,42053
1920,46080,0,42053
1921,46104,0,42053
1922,46128,0,42053
1923,46152,0,42053
1924,46176,0,42053
1925,46200,0,42053
1926,46224,0,42053
1927,46248,0,42053
1928,46272,0,42053
1929,46296,0,42053
1930,46320,0,42053
1931,46344,0,42053
1932,46368,0,42053
1933,46392,0,42053
1934,46416,0,42053
1935,46440,0,42053
1936,46464,0,42053
1937,46488,0,42053
1938,46512,0,42053
1939,46536,0,42053
1940,46560,0,42053
1941,46584,0,42053
1942,46608,0,42053
1943,46632,0,42053
1944,46656,0,42053
1945,46680,0,42053
1946,46704,0,42053
1947,46728,0,42053
1948,46752,0,42053
1949,46776,0,42053
1950,46800,0,42053
1951,46824,0,42053
1952,46848,0,42053
1953,46872,0,42053
1954,46896,0,42053
1955,46920,0,42053
1956,46944,0,42053
1957,46968,0,42053
1958,46992,0,42053
1959,47016,0,42053
1960,47040,0,42053
1961,47064,0,42053
1962,47088,0,42053
1963,47112,0,42053
1964,47136,0,42053
1965,47160,0,42053
1966,47184,0,42053
1967,47208,0,42053
1968,47232,0,42053
1969,47256,0,42053
1970,47280,0,42053
1971,47304,0,42053
1972,47328,0,42053
1973,47352,0,42053
1974,47376,0,42053
1975,47400,0,42053
1976,47424,0,42053
1977,47448,0,42053
1978,47472,0,42053
1979,47496,0,42053
1980,47520,0,42053
1981,47544,0,42053
1982,47568,0,42053
1983,47592,0,42053
1984,47616,0,42053
1985,47640,0,42053
1986,47664,0,42053
1987,47688,0,42053
1988,47712,0,42053
1989,47736,1,42053
1990,47760,0,42053
1991,47784,0,42053
1992,47808,0,42053
1993,47832,0,42053
1994,47856,0,42053
1995,47880,0,42053
1996,47904,0,42053
1997,47928,0,42053
1998,47952,0,42053
1999,47976,0,42053
2000,48000,0,42053
2001,48024,0,42053
2002,48048,0,42053
2003,48072,0,42053
2004,48096,0,42053
2005,48120,0,42053
2006,48144,0,42053
2007,48168,0,42053
2008,48192,0,42053
2009,48216,0,42053
2010,48240,0,42053
2011,48264,0,42053
2012,48288,0,42053
2013,48312,0,42053
2014,48336,0,42053
2015,48360,0,42053
2016,48384,0,42053
2017,48408,0,42053
2018,48432,0,42053
2019,48456,0,42053
2020,48480,0,42053
2021,48504,0,42053
2022,48528,0,42053
2023,48552,0,42053
2024,48576,0,42053
2025,48600,0,42053
2026,48624,0,42053
2027,48648,0,42053
2028,48672,0,42053
2029,48696,0,42053
2030,48720,0,42053
2031,48744,0,42053
2032,48768,0,42053
2033,48792,0,42053
2034,48816,0,42053
2035,48840,0,42053
2036,48864,0,42053
2037,48888,0,42053
2038,48912,0,42053
2039,48936,0,42053
2040,48960,0,42053
2041,48984,0,42053
2042,49008,0,42053
2043,49032,0,42053
2044,49056,0,42053
2045,49080,0,42053
2046,49104,0,42053
2047,49128,0,42053
2048,49152,0,42053
2049,49176,0,42053
2050,49200,0,42053
2051,49224,0,42053
2052,49248,0,42053
2053,49272,0,42053
2054,49296,0,42053
2055,49320,0,42053
2056,49344,0,42053
2057,49368,0,42053
2058,49392,0,42053
2059,49416,0,42053
2060,49440,0,42053
2061,49464,0,42053
2062,49488,0,42053
2063,49512,0,42053
2064,49536,0,42053
2065,49560,0,42053
2066,49584,0,42053
2067,49608,0,42053
2068,49632,0,42053
2069,49656,0,42053
2070,49680,0,42053
2071,49704,0,42053
2072,49728,0,42053
2073,49752,0,42053
2074,49776,0,42053
2075,49800,0,42053
2076,49824,0,42053
2077,49848,0,42053
2078,49872,0,42053
2079,49896,0,42053
2080,49920,0,42053
2081,49944,0,42053
2082,49968,0,42053
2083,49992,0,42053
2084,50016,0,42053
2085,50040,0,42053
2086,50064,0,42053
2087,50088,0,42053
2088,50112,0,42053
2089,50136,0,42053
2090,50160,0,42053
2091,50184,0,42053
2092,50208,1,42053
2093,50232,0,42053
2094,50256,0,42053
2095,50280,1,42053
2096,50304,0,42053
2097,50328,0,42053
2098,50352,0,42053
2099,50376,1,42053
2100,50400,1,42053
2101,50424,0,42053
2102,50448,0,42053
2103,50472,0,42053
2104,50496,0,42053
2105,50520,0,42053
2106,50544,0,42053
2107,50568,0,42053
2108,50592,0,42053
2109,50616,1,42053
2110,50640,0,42053
2111,50664,0,42053
2112,50688,0,42053
2113,50712,0,42053
2114,50736,0,42053
2115,50760,0,42053
2116,50784,0,42053
2117,50808,0,42053
2118,50832,0,42053
2119,50856,0,42053
2120,50880,0,42053
2121,50904,1,42053
2122,50928,0,42053
2123,50952,0,42053
2124,50976,0,42053
2125,51000,0,42053
2126,51024,0,42053
2127,51048,0,42053
2128,51072,0,42053
2129,51096,0,42053
2130,51120,0,42053
2131,51144,0,42053
2132,51168,0,42053
2133,51192,0,42053
2134,51216,0,42053
2135,51240,0,42053
2136,51264,0,42053
2137,51288,0,42053
2138,51312,0,42053
2139,51336,0,42053
2140,51360,0,42053
2141,51384,0,42053
2142,51408,0,42053
2143,51432,0,42053
2144,51456,0,42053
2145,51480,0,42053
2146,51504,0,42053
2147,51528,0,42053
2148,51552,0,42053
2149,51576,0,42053
2150,51600,0,42053
2151,51624,0,42053
2152,51648,0,42053
2153,51672,0,42053
2154,51696,0,42053
2155,51720,0,42053
2156,51744,0,42053
2157,51768,0,42053
2158,51792,0,42053
2159,51816,0,42053
2160,51840,0,42053
2161,51864,0,42053
2162,51888,0,42053
2163,51912,0,42053
2164,51936,0,42053
2165,51960,0,42053
2166,51984,0,42053
2167,52008,0,42053
2168,52032,0,42053
2169,52056,0,42053
2170,52080,0,42053
2171,52104,0,42053
2172,52128,0,42053
2173,52152,0,42053
2174,52176,0,42053
2175,52200,0,42053
2176,52224,0,42053
2177,52248,0,42053
2178,52272,0,42053
2179,52296,0,42053
2180,52320,0,42053
2181,52344,0,42053
2182,52368,0,42053
2183,52392,0,42053
2184,52416,0,42053
2185,52440,0,42053
2186,52464,0,42053
2187,52488,0,42053
2188,52512,0,42053
2189,52536,0,42053
2190,52560,0,42053
2191,52584,0,42053
2192,52608,0,42053
2193,52632,0,42053
2194,52656,0,42053
2195,52680,0,42053
2196,52704,0,42053
2197,52728,0,42053
2198,52752,0,42053
2199,52776,0,42053
2200,52800,0,42053
2201,52824,0,42053
2202,52848,0,42053
2203,52872,0,42053
2204,52896,0,42053
2205,52920,0,42053
2206,52944,0,42053
2207,52968,0,42053
2208,52992,0,42053
2209,53016,0,42053
2210,53040,0,42053
2211,53064,0,42053
2212,53088,0,42053
2213,53112,0,42053
2214,53136,0,42053
2215,53160,0,42053
2216,53184,0,42053
2217,53208,0,42053
2218,53232,0,42053
2219,53256,0,42053
2220,53280,0,42053
2221,53304,0,42053
2222,53328,0,42053
2223,53352,0,42053
2224,53376,0,42053
2225,53400,0,42053
2226,53424,0,42053
2227,53448,0,42053
2228,53472,0,42053
2229,53496,0,42053
2230,53520,0,42053
2231,53544,0,42053
2232,53568,0,42053
2233,53592,0,42053
2234,53616,0,42053
2235,53640,0,42053
2236,53664,0,42053
2237,53688,0,42053
2238,53712,0,42053
2239,53736,0,42053
2240,53760,0,42053
2241,53784,0,42053
2242,53808,0,42053
2243,53832,0,42053
2244,53856,0,42053
2245,53880,0,42053
2246,53904,0,42053
2247,53928,0,42053
2248,53952,0,42053
2249,53976,0,42053
2250,54000,0,42053
2251,54024,0,42053
2252,54048,0,42053
2253,54072,0,42053
2254,54096,0,42053
2255,54120,0,42053
2256,54144,0,42053
2257,54168,0,42053
2258,54192,0,42053
2259,54216,0,42053
2260,54240,0,42053
2261,54264,0,42053
2262,54288,0,42053
2263,54312,0,42053
2264,54336,0,42053
2265,54360,0,42053
2266,54384,0,42053
2267,54408,0,42053
2268,54432,0,42053
2269,54456,0,42053
2270,54480,0,42053
2271,54504,0,42053
2272,54528,0,42053
2273,54552,0,42053
2274,54576,0,42053
2275,54600,0,42053
2276,54624,0,42053
2277,54648,0,42053
2278,54672,0,42053
2279,54696,0,42053
2280,54720,0,42053
2281,54744,0,42053
2282,54768,0,42053
2283,54792,0,42053
2284,54816,0,42053
2285,54840,0,42053
2286,54864,0,42053
2287,54888,0,42053
2288,54912,0,42053
2289,54936,0,42053
2290,54960,0,42053
2291,54984,0,42053
2292,55008,0,42053
2293,55032,0,42053
2294,55056,0,42053
2295,55080,0,42053
2296,55104,0,42053
2297,55128,0,42053
2298,55152,0,42053
2299,55176,0,42053
2300,55200,0,42053
2301,55224,0,42053
2302,55248,0,42053
2303,55272,0,42053
2304,55296,0,42053
2305,55320,0,42053
2306,55344,0,42053
2307,55368,0,42053
2308,55392,0,42053
2309,55416,0,42053
2310,55440,0,42053
2311,55464,0,42053
2312,55488,0,42053
2313,55512,0,42053
2314,55536,0,42053
2315,55560,0,42053
2316,55584,0,42053
2317,55608,0,42053
2318,55632,0,42053
2319,55656,0,42053
2320,55680,0,42053
2321,55704,0,42053
2322,55728,0,42053
2323,55752,0,42053
2324,55776,0,42053
2325,55800,0,42053
2326,55824,0,42053
2327,55848,0,42053
2328,55872,0,42053
2329,55896,0,42053
2330,55920,0,42053
2331,55944,0,42053
2332,55968,0,42053
2333,55992,0,42053
2334,56016,0,42053
2335,56040,0,42053
2336,56064,0,42053
2337,56088,0,42053
2338,56112,0,42053
2339,56136,0,42053
2340,56160,0,42053
2341,56184,0,42053
2342,56208,0,42053
2343,56232,0,42053
2344,56256,0,42053
2345,56280,0,42053
2346,56304,0,42053
2347,56328,0,42053
2348,56352,0,42053
2349,56376,0,42053
2350,56400,0,42053
2351,56424,0,42053
2352,56448,0,42053
2353,56472,0,42053
2354,56496,0,42053
2355,56520,0,42053
2356,56544,0,42053
2357,56568,0,42053
2358,56592,0,42053
2359,56616,0,42053
2360,56640,0,42053
2361,56664,0,42053
2362,56688,0,42053
2363,56712,0,42053
2364,56736,0,42053
2365,56760,0,42053
2366,56784,0,42053
2367,56808,0,42053
2368,56832,0,42053
2369,56856,0,42053
2370,56880,0,42053
2371,56904,0,42053
2372,56928,0,42053
2373,56952,0,42053
2374,56976,0,42053
2375,57000,0,42053
2376,57024,0,42053
2377,57048,0,42053
2378,57072,0,42053
2379,57096,0,42053
2380,57120,0,42053
2381,57144,0,42053
2382,57168,0,42053
2383,57192,0,42053
2384,57216,0,42053
2385,57240,0,42053
2386,57264,0,42053
2387,57288,0,42053
2388,57312,0,42053
2389,57336,0,42053
2390,57360,0,42053
2391,57384,0,42053
2392,57408,0,42053
2393,57432,0,42053
2394,57456,0,42053
2395,57480,0,42053
2396,57504,0,42053
2397,57528,0,42053
2398,57552,0,42053
2399,57576,0,42053
2400,57600,0,42053
2401,57624,0,42053
2402,57648,0,42053
2403,57672,0,42053
2404,57696,0,42053
2405,57720,0,42053
2406,57744,0,42053
2407,57768,0,42053
2408,57792,0,42053
2409,57816,0,42053
2410,57840,0,42053
2411,57864,0,42053
2412,57888,0,42053
2413,57912,0,42053
2414,57936,0,42053
2415,57960,0,42053
2416,57984,0,42053
2417,58008,0,42053
2418,58032,0,42053
2419,58056,0,42053
2420,58080,0,42053
2421,58104,0,42053
2422,58128,0,42053
2423,58152,0,42053
2424,58176,0,42053
2425,58200,0,42053
2426,58224,0,42053
2427,58248,0,42053
2428,58272,0,42053
2429,58296,0,42053
2430,58320,0,42053
2431,58344,0,42053
2432,58368,0,42053
2433,58392,0,42053
2434,58416,0,42053
2435,58440,0,42053
2436,58464,0,42053
2437,58488,0,42053
2438,58512,0,42053
2439,58536,0,42053
2440,58560,0,42053
2441,58584,0,42053
2442,58608,0,42053
2443,58632,0,42053
2444,58656,0,42053
2445,58680,0,42053
2446,58704,0,42053
2447,58728,0,42053
2448,58752,0,42053
2449,58776,0,42053
2450,58800,0,42053
2451,58824,0,42053
2452,58848,0,42053
2453,58872,0,42053
2454,58896,0,42053
2455,58920,0,42053
2456,58944,0,42053
2457,58968,0,42053
2458,58992,0,42053
2459,59016,0,42053
2460,59040,0,42053
2461,59064,0,42053
2462,59088,0,42053
2463,59112,0,42053
2464,59136,0,42053
2465,59160,0,42053
2466,59184,0,42053
2467,59208,0,42053
2468,59232,0,42053
2469,59256,0,42053
2470,59280,0,42053
2471,59304,0,42053
2472,59328,0,42053
2473,59352,0,42053
2474,59376,0,42053
2475,59400,0,42053
2476,59424,0,42053
2477,59448,0,42053
2478,59472,0,42053
2479,59496,0,42053
2480,59520,0,42053
2481,59544,0,42053
2482,59568,0,42053
2483,59592,0,42053
2484,59616,0,42053
2485,59640,0,42053
2486,59664,0,42053
2487,59688,0,42053
2488,59712,0,42053
2489,59736,0,42053
2490,59760,0,42053
2491,59784,0,42053
2492,59808,0,42053
2493,59832,0,42053
2494,59856,0,42053
2495,59880,0,42053
2496,59904,0,42053
2497,59928,0,42053
2498,59952,0,42053
2499,59976,0,42053
2500,60000,0,42053
2501,60024,0,42053
2502,60048,0,42053
2503,60072,0,42053
2504,60096,0,42053
2505,60120,0,42053
2506,60144,0,42053
2507,60168,0,42053
2508,60192,0,42053
2509,60216,0,42053
2510,60240,0,42053
2511,60264,0,42053
2512,60288,0,42053
2513,60312,0,42053
2514,60336,0,42053
2515,60360,0,42053
2516,60384,0,42053
2517,60408,0,42053
2518,60432,0,42053
2519,60456,0,42053
2520,60480,0,42053
2521,60504,0,42053
2522,60528,0,42053
2523,60552,0,42053
2524,60576,0,42053
2525,60600,0,42053
2526,60624,0,42053
2527,60648,0,42053
2528,60672,0,42053
2529,60696,0,42053
2530,60720,0,42053
2531,60744,0,42053
2532,60768,0,42053
2533,60792,0,42053
2534,60816,0,42053
2535,60840,0,42053
2536,60864,0,42053
2537,60888,0,42053
2538,60912,0,42053
2539,60936,0,42053
2540,60960,0,42053
2541,60984,0,42053
2542,61008,0,42053
2543,61032,0,42053
2544,61056,0,42053
2545,61080,0,42053
2546,61104,0,42053
2547,61128,0,42053
2548,61152,0,42053
2549,61176,0,42053
2550,61200,0,42053
2551,61224,0,42053
2552,61248,0,42053
2553,61272,0,42053
2554,61296,0,42053
2555,61320,0,42053
2556,61344,0,42053
2557,61368,0,42053
2558,61392,0,42053
2559,61416,0,42053
2560,61440,0,42053
2561,61464,0,42053
2562,61488,0,42053
2563,61512,0,42053
2564,61536,0,42053
2565,61560,0,42053
2566,61584,0,42053
2567,61608,0,42053
2568,61632,0,42053
2569,61656,0,42053
2570,61680,0,42053
2571,61704,0,42053
2572,61728,0,42053
2573,61752,0,42053
2574,61776,0,42053
2575,61800,0,42053
2576,61824,0,42053
2577,61848,0,42053
2578,61872,0,42053
2579,61896,0,42053
2580,61920,0,42053
2581,61944,0,42053
2582,61968,0,42053
2583,61992,0,42053
2584,62016,0,42053
2585,62040,0,42053
2586,62064,0,42053
2587,62088,0,42053
2588,62112,0,42053
2589,62136,0,42053
2590,62160,0,42053
2591,62184,0,42053
2592,62208,0,42053
2593,62232,0,42053
2594,62256,0,42053
2595,62280,0,42053
2596,62304,0,42053
2597,62328,0,42053
2598,62352,0,42053
2599,62376,0,42053
2600,62400,0,42053
2601,62424,0,42053
2602,62448,0,42053
2603,62472,0,42053
2604,62496,0,42053
2605,62520,0,42053
2606,62544,0,42053
2607,62568,0,42053
2608,62592,0,42053
2609,62616,0,42053
2610,62640,0,42053
2611,62664,0,42053
2612,62688,0,42053
2613,62712,0,42053
2614,62736,0,42053
2615,62760,0,42053
2616,62784,0,42053
2617,62808,0,42053
2618,62832,0,42053
2619,62856,0,42053
2620,62880,0,42053
2621,62904,0,42053
2622,62928,0,42053
2623,62952,0,42053
2624,62976,0,42053
2625,63000,0,42053
2626,63024,0,42053
2627,63048,0,42053
2628,63072,0,42053
2629,63096,0,42053
2630,63120,0,42053
2631,63144,0,42053
2632,63168,0,42053
2633,63192,0,42053
2634,63216,0,42053
2635,63240,0,42053
2636,63264,0,42053
2637,63288,0,42053
2638,63312,0,42053
2639,63336,0,42053
2640,63360,0,42053
2641,63384,0,42053
2642,63408,0,42053
2643,63432,0,42053
2644,63456,0,42053
2645,63480,1,42053
2646,63504,0,42053
2647,63528,0,42053
2648,63552,0,42053
2649,63576,0,42053
2650,63600,0,42053
2651,63624,0,42053
2652,63648,0,42053
2653,63672,0,42053
2654,63696,0,42053
2655,63720,0,42053
2656,63744,0,42053
2657,63768,0,42053
2658,63792,0,42053
2659,63816,0,42053
2660,63840,0,42053
2661,63864,0,42053
2662,63888,0,42053
2663,63912,0,42053
2664,63936,0,42053
2665,63960,0,42053
2666,63984,0,42053
2667,64008,0,42053
2668,64032,0,42053
2669,64056,0,42053
2670,64080,0,42053
2671,64104,0,42053
2672,64128,0,42053
2673,64152,0,42053
2674,64176,0,42053
2675,64200,0,42053
2676,64224,0,42053
2677,64248,0,42053
2678,64272,0,42053
2679,64296,0,42053
2680,64320,0,42053
2681,64344,0,42053
2682,64368,0,42053
2683,64392,0,42053
2684,64416,0,42053
2685,64440,0,42053
2686,64464,0,42053
2687,64488,0,42053
2688,64512,0,42053
2689,64536,0,42053
2690,64560,0,42053
2691,64584,0,42053
2692,64608,0,42053
2693,64632,0,42053
2694,64656,0,42053
2695,64680,0,42053
2696,64704,0,42053
2697,64728,0,42053
2698,64752,0,42053
2699,64776,0,42053
2700,64800,0,42053
2701,64824,0,42053
2702,64848,0,42053
2703,64872,0,42053
2704,64896,0,42053
2705,64920,0,42053
2706,64944,0,42053
2707,64968,0,42053
2708,64992,0,42053
2709,65016,0,42053
2710,65040,0,42053
2711,65064,0,42053
2712,65088,0,42053
2713,65112,0,42053
2714,65136,0,42053
2715,65160,0,42053
2716,65184,0,42053
2717,65208,0,42053
2718,65232,0,42053
2719,65256,0,42053
2720,65280,0,42053
2721,65304,0,42053
2722,65328,0,42053
2723,65352,0,42053
2724,65376,0,42053
2725,65400,0,42053
2726,65424,0,42053
2727,65448,0,42053
2728,65472,0,42053
2729,65496,0,42053
2730,65520,0,42053
2731,65544,0,42053
2732,65568,0,42053
2733,65592,0,42053
2734,65616,0,42053
2735,65640,0,42053
2736,65664,0,42053
2737,65688,0,42053
2738,65712,0,42053
2739,65736,0,42053
2740,65760,0,42053
2741,65784,0,42053
2742,65808,0,42053
2743,65832,0,42053
2744,65856,0,42053
2745,65880,0,42053
2746,65904,0,42053
2747,65928,0,42053
2748,65952,0,42053
2749,65976,0,42053
2750,66000,0,42053
2751,66024,0,42053
2752,66048,0,42053
2753,66072,0,42053
2754,66096,0,42053
2755,66120,0,42053
2756,66144,0,42053
2757,66168,0,42053
2758,66192,0,42053
2759,66216,0,42053
2760,66240,0,42053
2761,66264,0,42053
2762,66288,1,42053
2763,66312,1,42053
2764,66336,1,42053
2765,66360,1,42053
2766,66384,1,42053
2767,66408,1,42053
2768,66432,1,42053
2769,66456,1,42053
2770,66480,1,42053
2771,66504,1,42053
2772,66528,1,42053
2773,66552,1,42053
2774,66576,1,42053
2775,66600,1,42053
2776,66624,1,42053
2777,66648,1,42053
2778,66672,1,42053
2779,66696,1,42053
2780,66720,1,42053
2781,66744,1,42053
2782,66768,1,42053
2783,66792,1,42053
2784,66816,1,42053
2785,66840,1,42053
2786,66864,0,42053
2787,66888,0,42053
2788,66912,0,42053
2789,66936,0,42053
2790,66960,0,42053
2791,66984,0,42053
2792,67008,0,42053
2793,67032,0,42053
2794,67056,0,42053
2795,67080,0,42053
2796,67104,0,42053
2797,67128,0,42053
2798,67152,0,42053
2799,67176,0,42053
2800,67200,0,42053
2801,67224,0,42053
2802,67248,0,42053
2803,67272,0,42053
2804,67296,0,42053
2805,67320,0,42053
2806,67344,0,42053
2807,67368,0,42053
2808,67392,0,42053
2809,67416,0,42053
2810,67440,0,42053
2811,67464,0,42053
2812,67488,0,42053
2813,67512,0,42053
2814,67536,0,42053
2815,67560,0,42053
2816,67584,0,42053
2817,67608,0,42053
2818,67632,0,42053
2819,67656,0,42053
2820,67680,0,42053
2821,67704,0,42053
2822,67728,0,42053
2823,67752,0,42053
2824,67776,0,42053
2825,67800,0,42053
2826,67824,0,42053
2827,67848,0,42053
2828,67872,0,42053
2829,67896,0,42053
2830,67920,0,42053
2831,67944,0,42053
2832,67968,0,42053
2833,67992,0,42053
2834,68016,0,42053
2835,68040,0,42053
2836,68064,0,42053
2837,68088,0,42053
2838,68112,0,42053
2839,68136,0,42053
2840,68160,0,42053
2841,68184,0,42053
2842,68208,0,42053
2843,68232,0,42053
2844,68256,0,42053
2845,68280,0,42053
2846,68304,0,42053
2847,68328,0,42053
2848,68352,0,42053
2849,68376,0,42053
2850,68400,0,42053
2851,68424,0,42053
2852,68448,0,42053
2853,68472,0,42053
2854,68496,0,42053
2855,68520,0,42053
2856,68544,0,42053
2857,68568,0,42053
2858,68592,0,42053
2859,68616,0,42053
2860,68640,0,42053
2861,68664,0,42053
2862,68688,0,42053
2863,68712,0,42053
2864,68736,0,42053
2865,68760,0,42053
2866,68784,0,42053
2867,68808,0,42053
2868,68832,0,42053
2869,68856,0,42053
2870,68880,0,42053
2871,68904,0,42053
2872,68928,0,42053
2873,68952,0,42053
2874,68976,0,42053
2875,69000,0,42053
2876,69024,0,42053
2877,69048,0,42053
2878,69072,0,42053
2879,69096,0,42053
2880,69120,0,42053
2881,69144,0,42053
2882,69168,0,42053
2883,69192,0,42053
2884,69216,0,42053
2885,69240,0,42053
2886,69264,0,42053
2887,69288,0,42053
2888,69312,0,42053
2889,69336,0,42053
2890,69360,1,42053
2891,69384,1,42053
2892,69408,0,42053
2893,69432,0,42053
2894,69456,0,42053
2895,69480,0,42053
2896,69504,0,42053
2897,69528,0,42053
2898,69552,0,42053
2899,69576,0,42053
2900,69600,0,42053
2901,69624,0,42053
2902,69648,0,42053
2903,69672,0,42053
2904,69696,1,42053
2905,69720,1,42053
2906,69744,0,42053
2907,69768,0,42053
2908,69792,0,42053
2909,69816,0,42053
2910,69840,0,42053
2911,69864,0,42053
2912,69888,0,42053
2913,69912,0,42053
2914,69936,0,42053
2915,69960,0,42053
2916,69984,0,42053
2917,70008,0,42053
2918,70032,0,42053
2919,70056,0,42053
2920,70080,0,42053
2921,70104,0,42053
2922,70128,1,42053
2923,70152,0,42053
2924,70176,0,42053
2925,70200,0,42053
2926,70224,0,42053
2927,70248,1,42053
2928,70272,0,42053
2929,70296,0,42053
2930,70320,0,42053
2931,70344,0,42053
2932,70368,0,42053
2933,70392,1,42053
2934,70416,0,42053
2935,70440,1,42053
2936,70464,0,42053
2937,70488,1,42053
2938,70512,0,42053
2939,70536,0,42053
2940,70560,1,42053
2941,70584,1,42053
2942,70608,0,42053
2943,70632,1,42053
2944,70656,0,42053
2945,70680,0,42053
2946,70704,0,42053
2947,70728,0,42053
2948,70752,0,42053
2949,70776,0,42053
2950,70800,0,42053
2951,70824,0,42053
2952,70848,0,42053
2953,70872,0,42053
2954,70896,0,42053
2955,70920,0,42053
2956,70944,0,42053
2957,70968,0,42053
2958,70992,0,42053
2959,71016,0,42053
2960,71040,0,42053
2961,71064,0,42053
2962,71088,0,42053
2963,71112,0,42053
2964,71136,0,42053
2965,71160,0,42053
2966,71184,0,42053
2967,71208,0,42053
2968,71232,0,42053
2969,71256,0,42053
2970,71280,0,42053
2971,71304,0,42053
2972,71328,0,42053
2973,71352,0,42053
2974,71376,0,42053
2975,71400,0,42053
2976,71424,0,42053
2977,71448,0,42053
2978,71472,0,42053
2979,71496,0,42053
2980,71520,1,42053
2981,71544,0,42053
2982,71568,0,42053
2983,71592,0,42053
2984,71616,0,42053
2985,71640,0,42053
2986,71664,0,42053
2987,71688,0,42053
2988,71712,0,42053
2989,71736,0,42053
2990,71760,0,42053
2991,71784,0,42053
2992,71808,0,42053
2993,71832,0,42053
2994,71856,0,42053
2995,71880,0,42053
2996,71904,0,42053
2997,71928,0,42053
2998,71952,0,42053
2999,71976,0,42053
3000,72000,0,42053
3001,72024,0,42053
3002,72048,0,42053
3003,72072,0,42053
3004,72096,0,42053
3005,72120,0,42053
3006,72144,0,42053
3007,72168,0,42053
3008,72192,0,42053
3009,72216,0,42053
3010,72240,0,42053
3011,72264,0,42053
3012,72288,0,42053
3013,72312,0,42053
3014,72336,0,42053
3015,72360,0,42053
3016,72384,0,42053
3017,72408,0,42053
3018,72432,0,42053
3019,72456,0,42053
3020,72480,0,42053
3021,72504,0,42053
3022,72528,0,42053
3023,72552,0,42053
3024,72576,0,42053
3025,72600,0,42053
3026,72624,0,42053
3027,72648,0,42053
3028,72672,0,42053
3029,72696,0,42053
3030,72720,0,42053
3031,72744,0,42053
3032,72768,0,42053
3033,72792,0,42053
3034,72816,0,42053
3035,72840,0,42053
3036,72864,0,42053
3037,72888,0,42053
3038,72912,0,42053
3039,72936,0,42053
3040,72960,0,42053
3041,72984,0,42053
3042,73008,0,42053
3043,73032,0,42053
3044,73056,0,42053
3045,73080,0,42053
3046,73104,0,42053
3047,73128,0,42053
3048,73152,0,42053
3049,73176,0,42053
3050,73200,0,42053
3051,73224,0,42053
3052,73248,0,42053
3053,73272,0,42053
3054,73296,0,42053
3055,73320,0,42053
3056,73344,0,42053
3057,73368,1,42053
3058,73392,0,42053
3059,73416,0,42053
3060,73440,0,42053
3061,73464,0,42053
3062,73488,0,42053
3063,73512,1,42053
3064,73536,0,42053
3065,73560,0,42053
3066,73584,0,42053
3067,73608,0,42053
3068,73632,0,42053
3069,73656,0,42053
3070,73680,0,42053
3071,73704,0,42053
3072,73728,0,42053
3073,73752,0,42053
3074,73776,0,42053
3075,73800,0,42053
3076,73824,0,42053
3077,73848,0,42053
3078,73872,0,42053
3079,73896,0,42053
3080,73920,0,42053
3081,73944,0,42053
3082,73968,0,42053
3083,73992,0,42053
3084,74016,0,42053
3085,74040,0,42053
3086,74064,0,42053
3087,74088,0,42053
3088,74112,0,42053
3089,74136,0,42053
3090,74160,0,42053
3091,74184,0,42053
3092,74208,0,42053
3093,74232,0,42053
3094,74256,0,42053
3095,74280,0,42053
3096,74304,0,42053
3097,74328,0,42053
3098,74352,0,42053
3099,74376,0,42053
3100,74400,0,42053
3101,74424,0,42053
3102,74448,0,42053
3103,74472,0,42053
3104,74496,0,42053
3105,74520,0,42053
3106,74544,0,42053
3107,74568,0,42053
3108,74592,0,42053
3109,74616,0,42053
3110,74640,0,42053
3111,74664,0,42053
3112,74688,0,42053
3113,74712,0,42053
3114,74736,0,42053
3115,74760,0,42053
3116,74784,0,42053
3117,74808,0,42053
3118,74832,0,42053
3119,74856,0,42053
3120,74880,0,42053
3121,74904,0,42053
3122,74928,0,42053
3123,74952,0,42053
3124,74976,0,42053
3125,75000,0,42053
3126,75024,0,42053
3127,75048,0,42053
3128,75072,0,42053
3129,75096,0,42053
3130,75120,0,42053
3131,75144,0,42053
3132,75168,0,42053
3133,75192,0,42053
3134,75216,0,42053
3135,75240,0,42053
3136,75264,0,42053
3137,75288,0,42053
3138,75312,1,42053
3139,75336,0,42053
3140,75360,1,42053
3141,75384,1,42053
3142,75408,0,42053
3143,75432,0,42053
3144,75456,0,42053
3145,75480,0,42053
3146,75504,0,42053
3147,75528,0,42053
3148,75552,0,42053
3149,75576,0,42053
3150,75600,0,42053
3151,75624,0,42053
3152,75648,0,42053
3153,75672,0,42053
3154,75696,0,42053
3155,75720,0,42053
3156,75744,0,42053
3157,75768,0,42053
3158,75792,0,42053
3159,75816,0,42053
3160,75840,0,42053
3161,75864,0,42053
3162,75888,0,42053
3163,75912,0,42053
3164,75936,0,42053
3165,75960,0,42053
3166,75984,0,42053
3167,76008,0,42053
3168,76032,0,42053
3169,76056,0,42053
3170,76080,0,42053
3171,76104,0,42053
3172,76128,0,42053
3173,76152,0,42053
3174,76176,0,42053
3175,76200,0,42053
3176,76224,0,42053
3177,76248,0,42053
3178,76272,0,42053
3179,76296,0,42053
3180,76320,0,42053
3181,76344,1,42053
3182,76368,0,42053
3183,76392,0,42053
3184,76416,0,42053
3185,76440,0,42053
3186,76464,0,42053
3187,76488,0,42053
3188,76512,0,42053
3189,76536,0,42053
3190,76560,0,42053
3191,76584,0,42053
3192,76608,0,42053
3193,76632,0,42053
3194,76656,0,42053
3195,76680,0,42053
3196,76704,0,42053
3197,76728,0,42053
3198,76752,0,42053
3199,76776,0,42053
3200,76800,0,42053
3201,76824,0,42053
3202,76848,0,42053
3203,76872,0,42053
3204,76896,0,42053
3205,76920,0,42053
3206,76944,0,42053
3207,76968,0,42053
3208,76992,0,42053
3209,77016,0,42053
3210,77040,0,42053
3211,77064,0,42053
3212,77088,0,42053
3213,77112,0,42053
3214,77136,0,42053
3215,77160,0,42053
3216,77184,0,42053
3217,77208,0,42053
3218,77232,0,42053
3219,77256,0,42053
3220,77280,1,42053
3221,77304,0,42053
3222,77328,1,42053
3223,77352,0,42053
3224,77376,0,42053
3225,77400,0,42053
3226,77424,0,42053
3227,77448,0,42053
3228,77472,0,42053
3229,77496,0,42053
3230,77520,0,42053
3231,77544,0,42053
3232,77568,0,42053
3233,77592,0,42053
3234,77616,0,42053
3235,77640,0,42053
3236,77664,0,42053
3237,77688,1,42053
3238,77712,0,42053
3239,77736,0,42053
3240,77760,1,42053
3241,77784,0,42053
3242,77808,0,42053
3243,77832,0,42053
3244,77856,0,42053
3245,77880,0,42053
3246,77904,0,42053
3247,77928,0,42053
3248,77952,0,42053
3249,77976,1,42053
3250,78000,1,42053
3251,78024,1,42053
3252,78048,1,42053
3253,78072,0,42053
3254,78096,0,42053
3255,78120,0,42053
3256,78144,0,42053
3257,78168,0,42053
3258,78192,0,42053
3259,78216,0,42053
3260,78240,0,42053
3261,78264,0,42053
3262,78288,0,42053
3263,78312,0,42053
3264,78336,0,42053
3265,78360,0,42053
3266,78384,0,42053
3267,78408,0,42053
3268,78432,1,42053
3269,78456,0,42053
3270,78480,0,42053
3271,78504,0,42053
3272,78528,0,42053
3273,78552,0,42053
3274,78576,0,42053
3275,78600,0,42053
3276,78624,0,42053
3277,78648,0,42053
3278,78672,0,42053
3279,78696,0,42053
3280,78720,0,42053
3281,78744,0,42053
3282,78768,0,42053
3283,78792,0,42053
3284,78816,0,42053
3285,78840,0,42053
3286,78864,0,42053
3287,78888,0,42053
3288,78912,0,42053
3289,78936,0,42053
3290,78960,0,42053
3291,78984,0,42053
3292,79008,0,42053
3293,79032,0,42053
3294,79056,0,42053
3295,79080,0,42053
3296,79104,0,42053
3297,79128,0,42053
3298,79152,0,42053
3299,79176,0,42053
3300,79200,0,42053
3301,79224,0,42053
3302,79248,0,42053
3303,79272,0,42053
3304,79296,0,42053
3305,79320,0,42053
3306,79344,0,42053
3307,79368,0,42053
3308,79392,0,42053
3309,79416,0,42053
3310,79440,0,42053
3311,79464,0,42053
3312,79488,0,42053
3313,79512,0,42053
3314,79536,0,42053
3315,79560,0,42053
3316,79584,0,42053
3317,79608,0,42053
3318,79632,0,42053
3319,79656,0,42053
3320,79680,0,42053
3321,79704,0,42053
3322,79728,0,42053
3323,79752,0,42053
3324,79776,0,42053
3325,79800,0,42053
3326,79824,0,42053
3327,79848,0,42053
3328,79872,0,42053
3329,79896,0,42053
3330,79920,0,42053
3331,79944,0,42053
3332,79968,0,42053
3333,79992,0,42053
3334,80016,0,42053
3335,80040,0,42053
3336,80064,0,42053
3337,80088,0,42053
3338,80112,0,42053
3339,80136,0,42053
3340,80160,0,42053
3341,80184,0,42053
3342,80208,0,42053
3343,80232,0,42053
3344,80256,0,42053
3345,80280,0,42053
3346,80304,0,42053
3347,80328,0,42053
3348,80352,0,42053
3349,80376,0,42053
3350,80400,0,42053
3351,80424,0,42053
3352,80448,0,42053
3353,80472,0,42053
3354,80496,0,42053
3355,80520,0,42053
3356,80544,0,42053
3357,80568,0,42053
3358,80592,0,42053
3359,80616,0,42053
3360,80640,0,42053
3361,80664,0,42053
3362,80688,0,42053
3363,80712,0,42053
3364,80736,0,42053
3365,80760,0,42053
3366,80784,0,42053
3367,80808,0,42053
3368,80832,0,42053
3369,80856,0,42053
3370,80880,0,42053
3371,80904,0,42053
3372,80928,0,42053
3373,80952,0,42053
3374,80976,0,42053
3375,81000,0,42053
3376,81024,0,42053
3377,81048,0,42053
3378,81072,0,42053
3379,81096,0,42053
3380,81120,0,42053
3381,81144,0,42053
3382,81168,0,42053
3383,81192,0,42053
3384,81216,0,42053
3385,81240,0,42053
3386,81264,0,42053
3387,81288,0,42053
3388,81312,0,42053
3389,81336,0,42053
3390,81360,0,42053
3391,81384,1,42053
3392,81408,0,42053
3393,81432,0,42053
3394,81456,1,42053
3395,81480,0,42053
3396,81504,0,42053
3397,81528,0,42053
3398,81552,1,42053
3399,81576,1,42053
3400,81600,1,42053
3401,81624,0,42053
3402,81648,0,42053
3403,81672,1,42053
3404,81696,0,42053
3405,81720,0,42053
3406,81744,0,42053
3407,81768,0,42053
3408,81792,0,42053
3409,81816,0,42053
3410,81840,0,42053
3411,81864,0,42053
3412,81888,0,42053
3413,81912,0,42053
3414,81936,0,42053
3415,81960,0,42053
3416,81984,0,42053
3417,82008,0,42053
3418,82032,0,42053
3419,82056,0,42053
3420,82080,0,42053
3421,82104,0,42053
3422,82128,0,42053
3423,82152,0,42053
3424,82176,0,42053
3425,82200,0,42053
3426,82224,0,42053
3427,82248,0,42053
3428,82272,0,42053
3429,82296,0,42053
3430,82320,0,42053
3431,82344,0,42053
3432,82368,0,42053
3433,82392,0,42053
3434,82416,0,42053
3435,82440,0,42053
3436,82464,0,42053
3437,82488,0,42053
3438,82512,0,42053
3439,82536,0,42053
3440,82560,0,42053
3441,82584,0,42053
3442,82608,0,42053
3443,82632,0,42053
3444,82656,0,42053
3445,82680,0,42053
3446,82704,1,42053
3447,82728,1,42053
3448,82752,1,42053
3449,82776,1,42053
3450,82800,0,42053
3451,82824,0,42053
3452,82848,0,42053
3453,82872,0,42053
3454,82896,0,42053
3455,82920,0,42053
3456,82944,0,42053
3457,82968,0,42053
3458,82992,0,42053
3459,83016,0,42053
3460,83040,0,42053
3461,83064,0,42053
3462,83088,0,42053
3463,83112,0,42053
3464,83136,0,42053
3465,83160,0,42053
3466,83184,0,42053
3467,83208,0,42053
3468,83232,0,42053
3469,83256,0,42053
3470,83280,0,42053
3471,83304,0,42053
3472,83328,0,42053
3473,83352,0,42053
3474,83376,0,42053
3475,83400,0,42053
3476,83424,0,42053
3477,83448,0,42053
3478,83472,0,42053
3479,83496,0,42053
3480,83520,0,42053
3481,83544,0,42053
3482,83568,0,42053
3483,83592,0,42053
3484,83616,0,42053
3485,83640,0,42053
3486,83664,0,42053
3487,83688,0,42053
3488,83712,0,42053
3489,83736,0,42053
3490,83760,0,42053
3491,83784,0,42053
3492,83808,0,42053
3493,83832,0,42053
3494,83856,0,42053
3495,83880,0,42053
3496,83904,0,42053
3497,83928,0,42053
3498,83952,0,42053
3499,83976,0,42053
3500,84000,0,42053
3501,84024,0,42053
3502,84048,0,42053
3503,84072,0,42053
3504,84096,0,42053
3505,84120,0,42053
3506,84144,0,42053
3507,84168,0,42053
3508,84192,0,42053
3509,84216,0,42053
3510,84240,0,42053
3511,84264,0,42053
3512,84288,0,42053
3513,84312,0,42053
3514,84336,0,42053
3515,84360,0,42053
3516,84384,0,42053
3517,84408,0,42053
3518,84432,1,42053
3519,84456,0,42053
3520,84480,0,42053
3521,84504,0,42053
3522,84528,0,42053
3523,84552,0,42053
3524,84576,0,42053
3525,84600,0,42053
3526,84624,0,42053
3527,84648,0,42053
3528,84672,0,42053
3529,84696,0,42053
3530,84720,0,42053
3531,84744,0,42053
3532,84768,0,42053
3533,84792,0,42053
3534,84816,0,42053
3535,84840,0,42053
3536,84864,0,42053
3537,84888,0,42053
3538,84912,0,42053
3539,84936,0,42053
3540,84960,0,42053
3541,84984,0,42053
3542,85008,0,42053
3543,85032,0,42053
3544,85056,0,42053
3545,85080,0,42053
3546,85104,0,42053
3547,85128,0,42053
3548,85152,0,42053
3549,85176,0,42053
3550,85200,0,42053
3551,85224,0,42053
3552,85248,0,42053
3553,85272,0,42053
3554,85296,0,42053
3555,85320,0,42053
3556,85344,0,42053
3557,85368,0,42053
3558,85392,0,42053
3559,85416,0,42053
3560,85440,0,42053
3561,85464,0,42053
3562,85488,0,42053
3563,85512,0,42053
3564,85536,0,42053
3565,85560,0,42053
3566,85584,0,42053
3567,85608,0,42053
3568,85632,0,42053
3569,85656,0,42053
3570,85680,0,42053
3571,85704,0,42053
3572,85728,0,42053
3573,85752,0,42053
3574,85776,0,42053
3575,85800,0,42053
3576,85824,0,42053
3577,85848,0,42053
3578,85872,0,42053
3579,85896,0,42053
3580,85920,0,42053
3581,85944,0,42053
3582,85968,0,42053
3583,85992,0,42053
3584,86016,0,42053
3585,86040,0,42053
3586,86064,0,42053
3587,86088,0,42053
3588,86112,0,42053
3589,86136,0,42053
3590,86160,0,42053
3591,86184,0,42053
3592,86208,0,42053
3593,86232,0,42053
3594,86256,0,42053
3595,86280,0,42053
3596,86304,0,42053
3597,86328,0,42053
3598,86352,0,42053
3599,86376,0,42053
3600,86400,0,42053
3601,86424,0,42053
3602,86448,0,42053
3603,86472,0,42053
3604,86496,0,42053
3605,86520,0,42053
3606,86544,0,42053
3607,86568,0,42053
3608,86592,0,42053
3609,86616,0,42053
3610,86640,0,42053
3611,86664,0,42053
3612,86688,0,42053
3613,86712,0,42053
3614,86736,0,42053
3615,86760,0,42053
3616,86784,0,42053
3617,86808,0,42053
3618,86832,0,42053
3619,86856,0,42053
3620,86880,0,42053
3621,86904,0,42053
3622,86928,0,42053
3623,86952,0,42053
3624,86976,0,42053
3625,87000,0,42053
3626,87024,0,42053
3627,87048,0,42053
3628,87072,0,42053
3629,87096,0,42053
3630,87120,0,42053
3631,87144,0,42053
3632,87168,0,42053
3633,87192,0,42053
3634,87216,0,42053
3635,87240,0,42053
3636,87264,0,42053
3637,87288,0,42053
3638,87312,0,42053
3639,87336,0,42053
3640,87360,0,42053
3641,87384,0,42053
3642,87408,0,42053
3643,87432,0,42053
3644,87456,0,42053
3645,87480,0,42053
3646,87504,0,42053
3647,87528,0,42053
3648,87552,0,42053
3649,87576,0,42053
3650,87600,0,42053
3651,87624,0,42053
3652,87648,0,42053
3653,87672,0,42053
3654,87696,0,42053
3655,87720,0,42053
3656,87744,0,42053
3657,87768,0,42053
3658,87792,0,42053
3659,87816,0,42053
3660,87840,0,42053
3661,87864,0,42053
3662,87888,0,42053
3663,87912,0,42053
3664,87936,0,42053
3665,87960,0,42053
3666,87984,0,42053
3667,88008,0,42053
3668,88032,0,42053
3669,88056,0,42053
3670,88080,0,42053
3671,88104,0,42053
3672,88128,0,42053
3673,88152,0,42053
3674,88176,0,42053
3675,88200,0,42053
3676,88224,0,42053
3677,88248,0,42053
3678,88272,0,42053
3679,88296,0,42053
3680,88320,0,42053
3681,88344,0,42053
3682,88368,0,42053
3683,88392,0,42053
3684,88416,0,42053
3685,88440,0,42053
3686,88464,0,42053
3687,88488,0,42053
3688,88512,0,42053
3689,88536,0,42053
3690,88560,0,42053
3691,88584,0,42053
3692,88608,0,42053
3693,88632,0,42053
3694,88656,0,42053
3695,88680,0,42053
3696,88704,0,42053
3697,88728,0,42053
3698,88752,0,42053
3699,88776,0,42053
3700,88800,0,42053
3701,88824,1,42053
3702,88848,0,42053
3703,88872,0,42053
3704,88896,0,42053
3705,88920,0,42053
3706,88944,0,42053
3707,88968,0,42053
3708,88992,0,42053
3709,89016,0,42053
3710,89040,0,42053
3711,89064,0,42053
3712,89088,0,42053
3713,89112,0,42053
3714,89136,0,42053
3715,89160,0,42053
3716,89184,0,42053
3717,89208,0,42053
3718,89232,0,42053
3719,89256,0,42053
3720,89280,0,42053
3721,89304,0,42053
3722,89328,0,42053
3723,89352,0,42053
3724,89376,1,42053
3725,89400,0,42053
3726,89424,0,42053
3727,89448,0,42053
3728,89472,0,42053
3729,89496,0,42053
3730,89520,0,42053
3731,89544,0,42053
3732,89568,0,42053
3733,89592,0,42053
3734,89616,1,42053
3735,89640,0,42053
3736,89664,0,42053
3737,89688,0,42053
3738,89712,0,42053
3739,89736,0,42053
3740,89760,0,42053
3741,89784,0,42053
3742,89808,0,42053
3743,89832,0,42053
3744,89856,0,42053
3745,89880,0,42053
3746,89904,0,42053
3747,89928,0,42053
3748,89952,0,42053
3749,89976,0,42053
3750,90000,0,42053
3751,90024,0,42053
3752,90048,0,42053
3753,90072,0,42053
3754,90096,0,42053
3755,90120,0,42053
3756,90144,0,42053
3757,90168,0,42053
3758,90192,0,42053
3759,90216,0,42053
3760,90240,0,42053
3761,90264,0,42053
3762,90288,0,42053
3763,90312,0,42053
3764,90336,0,42053
3765,90360,0,42053
3766,90384,0,42053
3767,90408,0,42053
3768,90432,0,42053
3769,90456,0,42053
3770,90480,0,42053
3771,90504,0,42053
3772,90528,0,42053
3773,90552,0,42053
3774,90576,0,42053
3775,90600,0,42053
3776,90624,0,42053
3777,90648,0,42053
3778,90672,0,42053
3779,90696,0,42053
3780,90720,0,42053
3781,90744,0,42053
3782,90768,0,42053
3783,90792,0,42053
3784,90816,0,42053
3785,90840,0,42053
3786,90864,0,42053
3787,90888,0,42053
3788,90912,0,42053
3789,90936,0,42053
3790,90960,0,42053
3791,90984,0,42053
3792,91008,0,42053
3793,91032,0,42053
3794,91056,0,42053
3795,91080,0,42053
3796,91104,0,42053
3797,91128,0,42053
3798,91152,0,42053
3799,91176,0,42053
3800,91200,0,42053
3801,91224,0,42053
3802,91248,0,42053
3803,91272,0,42053
3804,91296,0,42053
3805,91320,0,42053
3806,91344,0,42053
3807,91368,0,42053
3808,91392,0,42053
3809,91416,0,42053
3810,91440,0,42053
3811,91464,0,42053
3812,91488,0,42053
3813,91512,0,42053
3814,91536,0,42053
3815,91560,0,42053
3816,91584,0,42053
3817,91608,0,42053
3818,91632,0,42053
3819,91656,0,42053
3820,91680,0,42053
3821,91704,1,42053
3822,91728,0,42053
3823,91752,0,42053
3824,91776,0,42053
3825,91800,0,42053
3826,91824,0,42053
3827,91848,0,42053
3828,91872,0,42053
3829,91896,0,42053
3830,91920,0,42053
3831,91944,0,42053
3832,91968,0,42053
3833,91992,0,42053
3834,92016,0,42053
3835,92040,0,42053
3836,92064,0,42053
3837,92088,0,42053
3838,92112,1,42053
3839,92136,0,42053
3840,92160,0,42053
3841,92184,0,42053
3842,92208,0,42053
3843,92232,0,42053
3844,92256,0,42053
3845,92280,0,42053
3846,92304,0,42053
3847,92328,0,42053
3848,92352,0,42053
3849,92376,0,42053
3850,92400,0,42053
3851,92424,0,42053
3852,92448,0,42053
3853,92472,1,42053
3854,92496,0,42053
3855,92520,0,42053
3856,92544,0,42053
3857,92568,1,42053
3858,92592,0,42053
3859,92616,0,42053
3860,92640,1,42053
3861,92664,0,42053
3862,92688,0,42053
3863,92712,0,42053
3864,92736,0,42053
3865,92760,0,42053
3866,92784,0,42053
3867,92808,0,42053
3868,92832,0,42053
3869,92856,0,42053
3870,92880,0,42053
3871,92904,0,42053
3872,92928,0,42053
3873,92952,0,42053
3874,92976,0,42053
3875,93000,0,42053
3876,93024,0,42053
3877,93048,0,42053
3878,93072,0,42053
3879,93096,0,42053
3880,93120,0,42053
3881,93144,1,42053
3882,93168,0,42053
3883,93192,0,42053
3884,93216,0,42053
3885,93240,0,42053
3886,93264,0,42053
3887,93288,1,42053
3888,93312,1,42053
3889,93336,1,42053
3890,93360,1,42053
3891,93384,1,42053
3892,93408,0,42053
3893,93432,0,42053
3894,93456,0,42053
3895,93480,0,42053
3896,93504,0,42053
3897,93528,0,42053
3898,93552,0,42053
3899,93576,0,42053
3900,93600,0,42053
3901,93624,0,42053
3902,93648,0,42053
3903,93672,0,42053
3904,93696,0,42053
3905,93720,0,42053
3906,93744,0,42053
3907,93768,0,42053
3908,93792,0,42053
3909,93816,0,42053
3910,93840,0,42053
3911,93864,0,42053
3912,93888,0,42053
3913,93912,0,42053
3914,93936,0,42053
3915,93960,0,42053
3916,93984,0,42053
3917,94008,0,42053
3918,94032,0,42053
3919,94056,0,42053
3920,94080,0,42053
3921,94104,0,42053
3922,94128,0,42053
3923,94152,0,42053
3924,94176,0,42053
3925,94200,0,42053
3926,94224,0,42053
3927,94248,0,42053
3928,94272,0,42053
3929,94296,0,42053
3930,94320,0,42053
3931,94344,0,42053
3932,94368,0,42053
3933,94392,0,42053
3934,94416,0,42053
3935,94440,0,42053
3936,94464,0,42053
3937,94488,0,42053
3938,94512,0,42053
3939,94536,0,42053
3940,94560,0,42053
3941,94584,0,42053
3942,94608,0,42053
3943,94632,0,42053
3944,94656,0,42053
3945,94680,0,42053
3946,94704,0,42053
3947,94728,0,42053
3948,94752,0,42053
3949,94776,0,42053
3950,94800,0,42053
3951,94824,0,42053
3952,94848,0,42053
3953,94872,0,42053
3954,94896,0,42053
3955,94920,0,42053
3956,94944,0,42053
3957,94968,0,42053
3958,94992,0,42053
3959,95016,0,42053
3960,95040,0,42053
3961,95064,0,42053
3962,95088,0,42053
3963,95112,0,42053
3964,95136,0,42053
3965,95160,0,42053
3966,95184,0,42053
3967,95208,0,42053
3968,95232,0,42053
3969,95256,0,42053
3970,95280,0,42053
3971,95304,0,42053
3972,95328,0,42053
3973,95352,0,42053
3974,95376,0,42053
3975,95400,0,42053
3976,95424,0,42053
3977,95448,0,42053
3978,95472,0,42053
3979,95496,0,42053
3980,95520,0,42053
3981,95544,0,42053
3982,95568,0,42053
3983,95592,0,42053
3984,95616,0,42053
3985,95640,0,42053
3986,95664,0,42053
3987,95688,0,42053
3988,95712,0,42053
3989,95736,0,42053
3990,95760,0,42053
3991,95784,0,42053
3992,95808,0,42053
3993,95832,0,42053
3994,95856,0,42053
3995,95880,0,42053
3996,95904,0,42053
3997,95928,0,42053
3998,95952,0,42053
3999,95976,0,42053
4000,96000,0,42053
4001,96024,0,42053
4002,96048,0,42053
4003,96072,0,42053
4004,96096,0,42053
4005,96120,0,42053
4006,96144,0,42053
4007,96168,0,42053
4008,96192,0,42053
4009,96216,0,42053
4010,96240,0,42053
4011,96264,0,42053
4012,96288,0,42053
4013,96312,0,42053
4014,96336,0,42053
4015,96360,0,42053
4016,96384,0,42053
4017,96408,0,42053
4018,96432,0,42053
4019,96456,0,42053
4020,96480,0,42053
4021,96504,0,42053
4022,96528,0,42053
4023,96552,0,42053
4024,96576,0,42053
4025,96600,0,42053
4026,96624,0,42053
4027,96648,0,42053
4028,96672,0,42053
4029,96696,0,42053
4030,96720,0,42053
4031,96744,0,42053
4032,96768,0,42053
4033,96792,0,42053
4034,96816,0,42053
4035,96840,0,42053
4036,96864,0,42053
4037,96888,0,42053
4038,96912,0,42053
4039,96936,0,42053
4040,96960,0,42053
4041,96984,0,42053
4042,97008,0,42053
4043,97032,0,42053
4044,97056,0,42053
4045,97080,0,42053
4046,97104,0,42053
4047,97128,0,42053
4048,97152,0,42053
4049,97176,0,42053
4050,97200,0,42053
4051,97224,0,42053
4052,97248,0,42053
4053,97272,0,42053
4054,97296,0,42053
4055,97320,0,42053
4056,97344,0,42053
4057,97368,0,42053
4058,97392,0,42053
4059,97416,0,42053
4060,97440,0,42053
4061,97464,0,42053
4062,97488,0,42053
4063,97512,0,42053
4064,97536,0,42053
4065,97560,0,42053
4066,97584,0,42053
4067,97608,0,42053
4068,97632,0,42053
4069,97656,0,42053
4070,97680,0,42053
4071,97704,0,42053
4072,97728,0,42053
4073,97752,0,42053
4074,97776,0,42053
4075,97800,0,42053
4076,97824,0,42053
4077,97848,0,42053
4078,97872,0,42053
4079,97896,0,42053
4080,97920,0,42053
4081,97944,0,42053
4082,97968,0,42053
4083,97992,0,42053
4084,98016,0,42053
4085,98040,0,42053
4086,98064,0,42053
4087,98088,0,42053
4088,98112,0,42053
4089,98136,0,42053
4090,98160,0,42053
4091,98184,0,42053
4092,98208,0,42053
4093,98232,0,42053
4094,98256,0,42053
4095,98280,0,42053
4096,98304,0,42053
4097,98328,0,42053
4098,98352,0,42053
4099,98376,0,42053
4100,98400,0,42053
4101,98424,0,42053
4102,98448,0,42053
4103,98472,0,42053
4104,98496,0,42053
4105,98520,0,42053
4106,98544,0,42053
4107,98568,0,42053
4108,98592,0,42053
4109,98616,0,42053
4110,98640,0,42053
4111,98664,0,42053
4112,98688,0,42053
4113,98712,0,42053
4114,98736,0,42053
4115,98760,0,42053
4116,98784,0,42053
4117,98808,0,42053
4118,98832,0,42053
4119,98856,0,42053
4120,98880,0,42053
4121,98904,0,42053
4122,98928,0,42053
4123,98952,0,42053
4124,98976,0,42053
4125,99000,0,42053
4126,99024,0,42053
4127,99048,0,42053
4128,99072,0,42053
4129,99096,0,42053
4130,99120,0,42053
4131,99144,0,42053
4132,99168,0,42053
4133,99192,0,42053
4134,99216,0,42053
4135,99240,0,42053
4136,99264,0,42053
4137,99288,0,42053
4138,99312,0,42053
4139,99336,0,42053
4140,99360,0,42053
4141,99384,0,42053
4142,99408,0,42053
4143,99432,0,42053
4144,99456,1,42053
4145,99480,1,42053
4146,99504,0,42053
4147,99528,1,42053
4148,99552,1,42053
4149,99576,1,42053
4150,99600,0,42053
4151,99624,1,42053
4152,99648,0,42053
4153,99672,0,42053
4154,99696,0,42053
4155,99720,0,42053
4156,99744,0,42053
4157,99768,0,42053
4158,99792,0,42053
4159,99816,0,42053
4160,99840,0,42053
4161,99864,0,42053
4162,99888,0,42053
4163,99912,0,42053
4164,99936,0,42053
4165,99960,0,42053
4166,99984,0,42053
4167,100008,0,42053
4168,100032,0,42053
4169,100056,0,42053
4170,100080,0,42053
4171,100104,0,42053
4172,100128,0,42053
4173,100152,0,42053
4174,100176,0,42053
4175,100200,0,42053
4176,100224,0,42053
4177,100248,0,42053
4178,100272,0,42053
4179,100296,0,42053
4180,100320,0,42053
4181,100344,0,42053
4182,100368,0,42053
4183,100392,0,42053
4184,100416,0,42053
4185,100440,0,42053
4186,100464,0,42053
4187,100488,0,42053
4188,100512,0,42053
4189,100536,0,42053
4190,100560,0,42053
4191,100584,0,42053
4192,100608,0,42053
4193,100632,0,42053
4194,100656,0,42053
4195,100680,0,42053
4196,100704,0,42053
4197,100728,0,42053
4198,100752,0,42053
4199,100776,0,42053
4200,100800,0,42053
4201,100824,0,42053
4202,100848,0,42053
4203,100872,0,42053
4204,100896,0,42053
4205,100920,0,42053
4206,100944,1,42053
4207,100968,0,42053
4208,100992,0,42053
4209,101016,0,42053
4210,101040,0,42053
4211,101064,0,42053
4212,101088,0,42053
4213,101112,0,42053
4214,101136,1,42053
4215,101160,1,42053
4216,101184,1,42053
4217,101208,1,42053
4218,101232,1,42053
4219,101256,0,42053
4220,101280,0,42053
4221,101304,0,42053
4222,101328,0,42053
4223,101352,1,42053
4224,101376,1,42053
4225,101400,0,42053
4226,101424,0,42053
4227,101448,0,42053
4228,101472,0,42053
4229,101496,0,42053
4230,101520,0,42053
4231,101544,0,42053
4232,101568,0,42053
4233,101592,0,42053
4234,101616,0,42053
4235,101640,0,42053
4236,101664,0,42053
4237,101688,1,42053
4238,101712,0,42053
4239,101736,0,42053
4240,101760,0,42053
4241,101784,0,42053
4242,101808,0,42053
4243,101832,0,42053
4244,101856,0,42053
4245,101880,0,42053
4246,101904,0,42053
4247,101928,0,42053
4248,101952,0,42053
4249,101976,0,42053
4250,102000,0,42053
4251,102024,0,42053
4252,102048,0,42053
4253,102072,0,42053
4254,102096,0,42053
4255,102120,0,42053
4256,102144,0,42053
4257,102168,0,42053
4258,102192,0,42053
4259,102216,0,42053
4260,102240,0,42053
4261,102264,0,42053
4262,102288,0,42053
4263,102312,0,42053
4264,102336,0,42053
4265,102360,0,42053
4266,102384,0,42053
4267,102408,0,42053
4268,102432,0,42053
4269,102456,0,42053
4270,102480,0,42053
4271,102504,0,42053
4272,102528,0,42053
4273,102552,0,42053
4274,102576,0,42053
4275,102600,0,42053
4276,102624,0,42053
4277,102648,0,42053
4278,102672,0,42053
4279,102696,0,42053
4280,102720,0,42053
4281,102744,0,42053
4282,102768,0,42053
4283,102792,0,42053
4284,102816,0,42053
4285,102840,0,42053
4286,102864,0,42053
4287,102888,0,42053
4288,102912,0,42053
4289,102936,0,42053
4290,102960,0,42053
4291,102984,0,42053
4292,103008,0,42053
4293,103032,0,42053
4294,103056,0,42053
4295,103080,0,42053
4296,103104,0,42053
4297,103128,0,42053
4298,103152,0,42053
4299,103176,0,42053
4300,103200,0,42053
4301,103224,0,42053
4302,103248,0,42053
4303,103272,0,42053
4304,103296,0,42053
4305,103320,0,42053
4306,103344,0,42053
4307,103368,0,42053
4308,103392,0,42053
4309,103416,0,42053
4310,103440,0,42053
4311,103464,0,42053
4312,103488,0,42053
4313,103512,0,42053
4314,103536,0,42053
4315,103560,0,42053
4316,103584,0,42053
4317,103608,0,42053
4318,103632,0,42053
4319,103656,0,42053
4320,103680,0,42053
4321,103704,0,42053
4322,103728,0,42053
4323,103752,0,42053
4324,103776,0,42053
4325,103800,0,42053
4326,103824,0,42053
4327,103848,0,42053
4328,103872,0,42053
4329,103896,0,42053
4330,103920,0,42053
4331,103944,0,42053
4332,103968,0,42053
4333,103992,0,42053
4334,104016,0,42053
4335,104040,0,42053
4336,104064,0,42053
4337,104088,0,42053
4338,104112,0,42053
4339,104136,0,42053
4340,104160,0,42053
4341,104184,0,42053
4342,104208,0,42053
4343,104232,0,42053
4344,104256,0,42053
4345,104280,0,42053
4346,104304,0,42053
4347,104328,0,42053
4348,104352,0,42053
4349,104376,0,42053
4350,104400,0,42053
4351,104424,0,42053
4352,104448,0,42053
4353,104472,0,42053
4354,104496,0,42053
4355,104520,0,42053
4356,104544,0,42053
4357,104568,0,42053
4358,104592,0,42053
4359,104616,0,42053
4360,104640,0,42053
4361,104664,0,42053
4362,104688,0,42053
4363,104712,0,42053
4364,104736,0,42053
4365,104760,1,42053
4366,104784,0,42053
4367,104808,0,42053
4368,104832,0,42053
4369,104856,0,42053
4370,104880,0,42053
4371,104904,0,42053
4372,104928,0,42053
4373,104952,0,42053
4374,104976,0,42053
4375,105000,0,42053
4376,105024,0,42053
4377,105048,0,42053
4378,105072,0,42053
4379,105096,0,42053
4380,105120,0,42053
4381,105144,0,42053
4382,105168,0,42053
4383,105192,0,42053
4384,105216,0,42053
4385,105240,0,42053
4386,105264,0,42053
4387,105288,0,42053
4388,105312,0,42053
4389,105336,0,42053
4390,105360,0,42053
4391,105384,0,42053
4392,105408,0,42053
4393,105432,0,42053
4394,105456,0,42053
4395,105480,0,42053
4396,105504,0,42053
4397,105528,0,42053
4398,105552,0,42053
4399,105576,0,42053
4400,105600,0,42053
4401,105624,0,42053
4402,105648,0,42053
4403,105672,0,42053
4404,105696,0,42053
4405,105720,0,42053
4406,105744,0,42053
4407,105768,0,42053
4408,105792,0,42053
4409,105816,0,42053
4410,105840,0,42053
4411,105864,0,42053
4412,105888,0,42053
4413,105912,0,42053
4414,105936,0,42053
4415,105960,0,42053
4416,105984,0,42053
4417,106008,0,42053
4418,106032,0,42053
4419,106056,0,42053
4420,106080,0,42053
4421,106104,0,42053
4422,106128,0,42053
4423,106152,0,42053
4424,106176,0,42053
4425,106200,0,42053
4426,106224,0,42053
4427,106248,0,42053
4428,106272,0,42053
4429,106296,0,42053
4430,106320,0,42053
4431,106344,0,42053
4432,106368,0,42053
4433,106392,0,42053
4434,106416,0,42053
4435,106440,0,42053
4436,106464,0,42053
4437,106488,0,42053
4438,106512,0,42053
4439,106536,0,42053
4440,106560,0,42053
4441,106584,0,42053
4442,106608,0,42053
4443,106632,0,42053
4444,106656,0,42053
4445,106680,0,42053
4446,106704,0,42053
4447,106728,0,42053
4448,106752,0,42053
4449,106776,0,42053
4450,106800,0,42053
4451,106824,0,42053
4452,106848,0,42053
4453,106872,0,42053
4454,106896,0,42053
4455,106920,0,42053
4456,106944,0,42053
4457,106968,0,42053
4458,106992,0,42053
4459,107016,0,42053
4460,107040,0,42053
4461,107064,0,42053
4462,107088,0,42053
4463,107112,0,42053
4464,107136,0,42053
4465,107160,0,42053
4466,107184,0,42053
4467,107208,0,42053
4468,107232,0,42053
4469,107256,0,42053
4470,107280,0,42053
4471,107304,0,42053
4472,107328,0,42053
4473,107352,0,42053
4474,107376,0,42053
4475,107400,0,42053
4476,107424,0,42053
4477,107448,0,42053
4478,107472,0,42053
4479,107496,0,42053
4480,107520,0,42053
4481,107544,0,42053
4482,107568,0,42053
4483,107592,0,42053
4484,107616,0,42053
4485,107640,0,42053
4486,107664,0,42053
4487,107688,0,42053
4488,107712,0,42053
4489,107736,0,42053
4490,107760,0,42053
4491,107784,0,42053
4492,107808,0,42053
4493,107832,0,42053
4494,107856,0,42053
4495,107880,0,42053
4496,107904,0,42053
4497,107928,0,42053
4498,107952,0,42053
4499,107976,0,42053
4500,108000,0,42053
4501,108024,0,42053
4502,108048,0,42053
4503,108072,0,42053
4504,108096,0,42053
4505,108120,0,42053
4506,108144,0,42053
4507,108168,0,42053
4508,108192,0,42053
4509,108216,0,42053
4510,108240,0,42053
4511,108264,0,42053
4512,108288,0,42053
4513,108312,0,42053
4514,108336,0,42053
4515,108360,0,42053
4516,108384,0,42053
4517,108408,0,42053
4518,108432,0,42053
4519,108456,0,42053
4520,108480,0,42053
4521,108504,0,42053
4522,108528,0,42053
4523,108552,0,42053
4524,108576,0,42053
4525,108600,0,42053
4526,108624,0,42053
4527,108648,0,42053
4528,108672,0,42053
4529,108696,0,42053
4530,108720,0,42053
4531,108744,0,42053
4532,108768,0,42053
4533,108792,0,42053
4534,108816,0,42053
4535,108840,0,42053
4536,108864,0,42053
4537,108888,0,42053
4538,108912,0,42053
4539,108936,0,42053
4540,108960,0,42053
4541,108984,0,42053
4542,109008,0,42053
4543,109032,0,42053
4544,109056,0,42053
4545,109080,0,42053
4546,109104,0,42053
4547,109128,0,42053
4548,109152,1,42053
4549,109176,0,42053
4550,109200,0,42053
4551,109224,0,42053
4552,109248,0,42053
4553,109272,0,42053
4554,109296,0,42053
4555,109320,0,42053
4556,109344,0,42053
4557,109368,0,42053
4558,109392,0,42053
4559,109416,0,42053
4560,109440,0,42053
4561,109464,0,42053
4562,109488,0,42053
4563,109512,0,42053
4564,109536,0,42053
4565,109560,0,42053
4566,109584,0,42053
4567,109608,0,42053
4568,109632,0,42053
4569,109656,0,42053
4570,109680,0,42053
4571,109704,0,42053
4572,109728,0,42053
4573,109752,0,42053
4574,109776,0,42053
4575,109800,0,42053
4576,109824,0,42053
4577,109848,0,42053
4578,109872,0,42053
4579,109896,0,42053
4580,109920,0,42053
4581,109944,0,42053
4582,109968,0,42053
4583,109992,0,42053
4584,110016,0,42053
4585,110040,0,42053
4586,110064,0,42053
4587,110088,0,42053
4588,110112,0,42053
4589,110136,0,42053
4590,110160,0,42053
4591,110184,0,42053
4592,110208,0,42053
4593,110232,0,42053
4594,110256,0,42053
4595,110280,0,42053
4596,110304,0,42053
4597,110328,0,42053
4598,110352,0,42053
4599,110376,0,42053
4600,110400,0,42053
4601,110424,0,42053
4602,110448,0,42053
4603,110472,0,42053
4604,110496,0,42053
4605,110520,0,42053
4606,110544,0,42053
4607,110568,0,42053
4608,110592,0,42053
4609,110616,0,42053
4610,110640,0,42053
4611,110664,0,42053
4612,110688,0,42053
4613,110712,0,42053
4614,110736,0,42053
4615,110760,0,42053
4616,110784,0,42053
4617,110808,0,42053
4618,110832,0,42053
4619,110856,0,42053
4620,110880,0,42053
4621,110904,0,42053
4622,110928,0,42053
4623,110952,0,42053
4624,110976,0,42053
4625,111000,0,42053
4626,111024,0,42053
4627,111048,0,42053
4628,111072,0,42053
4629,111096,0,42053
4630,111120,0,42053
4631,111144,0,42053
4632,111168,0,42053
4633,111192,0,42053
4634,111216,0,42053
4635,111240,0,42053
4636,111264,0,42053
4637,111288,0,42053
4638,111312,0,42053
4639,111336,0,42053
4640,111360,0,42053
4641,111384,0,42053
4642,111408,0,42053
4643,111432,0,42053
4644,111456,0,42053
4645,111480,0,42053
4646,111504,0,42053
4647,111528,0,42053
4648,111552,0,42053
4649,111576,0,42053
4650,111600,0,42053
4651,111624,0,42053
4652,111648,0,42053
4653,111672,0,42053
4654,111696,0,42053
4655,111720,0,42053
4656,111744,0,42053
4657,111768,0,42053
4658,111792,0,42053
4659,111816,0,42053
4660,111840,0,42053
4661,111864,0,42053
4662,111888,0,42053
4663,111912,0,42053
4664,111936,0,42053
4665,111960,0,42053
4666,111984,0,42053
4667,112008,0,42053
4668,112032,0,42053
4669,112056,0,42053
4670,112080,0,42053
4671,112104,0,42053
4672,112128,0,42053
4673,112152,0,42053
4674,112176,0,42053
4675,112200,0,42053
4676,112224,0,42053
4677,112248,0,42053
4678,112272,0,42053
4679,112296,0,42053
4680,112320,0,42053
4681,112344,0,42053
4682,112368,0,42053
4683,112392,0,42053
4684,112416,0,42053
4685,112440,0,42053
4686,112464,0,42053
4687,112488,0,42053
4688,112512,0,42053
4689,112536,0,42053
4690,112560,0,42053
4691,112584,0,42053
4692,112608,0,42053
4693,112632,0,42053
4694,112656,0,42053
4695,112680,0,42053
4696,112704,0,42053
4697,112728,0,42053
4698,112752,0,42053
4699,112776,0,42053
4700,112800,0,42053
4701,112824,0,42053
4702,112848,0,42053
4703,112872,0,42053
4704,112896,0,42053
4705,112920,0,42053
4706,112944,0,42053
4707,112968,0,42053
4708,112992,0,42053
4709,113016,0,42053
4710,113040,0,42053
4711,113064,0,42053
4712,113088,0,42053
4713,113112,0,42053
4714,113136,0,42053
4715,113160,0,42053
4716,113184,0,42053
4717,113208,0,42053
4718,113232,0,42053
4719,113256,0,42053
4720,113280,0,42053
4721,113304,0,42053
4722,113328,0,42053
4723,113352,0,42053
4724,113376,0,42053
4725,113400,0,42053
4726,113424,0,42053
4727,113448,0,42053
4728,113472,0,42053
4729,113496,0,42053
4730,113520,0,42053
4731,113544,0,42053
4732,113568,0,42053
4733,113592,0,42053
4734,113616,0,42053
4735,113640,0,42053
4736,113664,0,42053
4737,113688,0,42053
4738,113712,0,42053
4739,113736,0,42053
4740,113760,0,42053
4741,113784,0,42053
4742,113808,0,42053
4743,113832,0,42053
4744,113856,0,42053
4745,113880,0,42053
4746,113904,0,42053
4747,113928,0,42053
4748,113952,0,42053
4749,113976,0,42053
4750,114000,0,42053
4751,114024,0,42053
4752,114048,0,42053
4753,114072,0,42053
4754,114096,0,42053
4755,114120,0,42053
4756,114144,0,42053
4757,114168,0,42053
4758,114192,0,42053
4759,114216,0,42053
4760,114240,0,42053
4761,114264,0,42053
4762,114288,0,42053
4763,114312,0,42053
4764,114336,0,42053
4765,114360,0,42053
4766,114384,0,42053
4767,114408,0,42053
4768,114432,0,42053
4769,114456,0,42053
4770,114480,0,42053
4771,114504,0,42053
4772,114528,0,42053
4773,114552,0,42053
4774,114576,0,42053
4775,114600,0,42053
4776,114624,0,42053
4777,114648,0,42053
4778,114672,0,42053
4779,114696,0,42053
4780,114720,0,42053
4781,114744,0,42053
4782,114768,0,42053
4783,114792,0,42053
4784,114816,0,42053
4785,114840,0,42053
4786,114864,0,42053
4787,114888,0,42053
4788,114912,0,42053
4789,114936,0,42053
4790,114960,0,42053
4791,114984,0,42053
4792,115008,0,42053
4793,115032,0,42053
4794,115056,0,42053
4795,115080,0,42053
4796,115104,0,42053
4797,115128,0,42053
4798,115152,0,42053
4799,115176,0,42053
4800,115200,0,42053
4801,115224,0,42053
4802,115248,0,42053
4803,115272,0,42053
4804,115296,0,42053
4805,115320,0,42053
4806,115344,0,42053
4807,115368,0,42053
4808,115392,0,42053
4809,115416,0,42053
4810,115440,0,42053
4811,115464,0,42053
4812,115488,0,42053
4813,115512,0,42053
4814,115536,0,42053
4815,115560,0,42053
4816,115584,0,42053
4817,115608,0,42053
4818,115632,0,42053
4819,115656,0,42053
4820,115680,0,42053
4821,115704,0,42053
4822,115728,0,42053
4823,115752,0,42053
4824,115776,0,42053
4825,115800,0,42053
4826,115824,0,42053
4827,115848,0,42053
4828,115872,0,42053
4829,115896,0,42053
4830,115920,0,42053
4831,115944,0,42053
4832,115968,0,42053
4833,115992,0,42053
4834,116016,0,42053
4835,116040,0,42053
4836,116064,0,42053
4837,116088,0,42053
4838,116112,1,42053
4839,116136,1,42053
4840,116160,1,42053
4841,116184,1,42053
4842,116208,1,42053
4843,116232,1,42053
4844,116256,1,42053
4845,116280,1,42053
4846,116304,1,42053
4847,116328,1,42053
4848,116352,0,42053
4849,116376,1,42053
4850,116400,0,42053
4851,116424,0,42053
4852,116448,0,42053
4853,116472,0,42053
4854,116496,0,42053
4855,116520,0,42053
4856,116544,0,42053
4857,116568,0,42053
4858,116592,0,42053
4859,116616,0,42053
4860,116640,0,42053
4861,116664,0,42053
4862,116688,0,42053
4863,116712,0,42053
4864,116736,0,42053
4865,116760,0,42053
4866,116784,0,42053
4867,116808,0,42053
4868,116832,0,42053
4869,116856,0,42053
4870,116880,0,42053
4871,116904,0,42053
4872,116928,0,42053
4873,116952,0,42053
4874,116976,0,42053
4875,117000,0,42053
4876,117024,0,42053
4877,117048,0,42053
4878,117072,0,42053
4879,117096,0,42053
4880,117120,0,42053
4881,117144,0,42053
4882,117168,0,42053
4883,117192,0,42053
4884,117216,0,42053
4885,117240,0,42053
4886,117264,0,42053
4887,117288,0,42053
4888,117312,0,42053
4889,117336,0,42053
4890,117360,0,42053
4891,117384,0,42053
4892,117408,0,42053
4893,117432,0,42053
4894,117456,0,42053
4895,117480,0,42053
4896,117504,0,42053
4897,117528,0,42053
4898,117552,0,42053
4899,117576,0,42053
4900,117600,0,42053
4901,117624,0,42053
4902,117648,0,42053
4903,117672,0,42053
4904,117696,0,42053
4905,117720,0,42053
4906,117744,0,42053
4907,117768,0,42053
4908,117792,0,42053
4909,117816,0,42053
4910,117840,0,42053
4911,117864,0,42053
4912,117888,0,42053
4913,117912,1,42053
4914,117936,1,42053
4915,117960,1,42053
4916,117984,1,42053
4917,118008,0,42053
4918,118032,0,42053
4919,118056,0,42053
4920,118080,0,42053
4921,118104,0,42053
4922,118128,0,42053
4923,118152,0,42053
4924,118176,0,42053
4925,118200,0,42053
4926,118224,0,42053
4927,118248,0,42053
4928,118272,0,42053
4929,118296,0,42053
4930,118320,1,42053
4931,118344,0,42053
4932,118368,0,42053
4933,118392,0,42053
4934,118416,0,42053
4935,118440,0,42053
4936,118464,0,42053
4937,118488,0,42053
4938,118512,0,42053
4939,118536,0,42053
4940,118560,0,42053
4941,118584,0,42053
4942,118608,0,42053
4943,118632,0,42053
4944,118656,0,42053
4945,118680,0,42053
4946,118704,0,42053
4947,118728,0,42053
4948,118752,0,42053
4949,118776,0,42053
4950,118800,0,42053
4951,118824,0,42053
4952,118848,0,42053
4953,118872,0,42053
4954,118896,0,42053
4955,118920,0,42053
4956,118944,0,42053
4957,118968,0,42053
4958,118992,0,42053
4959,119016,0,42053
4960,119040,0,42053
4961,119064,0,42053
4962,119088,0,42053
4963,119112,0,42053
4964,119136,0,42053
4965,119160,0,42053
4966,119184,0,42053
4967,119208,0,42053
4968,119232,0,42053
4969,119256,0,42053
4970,119280,0,42053
4971,119304,0,42053
4972,119328,0,42053
4973,119352,0,42053
4974,119376,0,42053
4975,119400,0,42053
4976,119424,0,42053
4977,119448,0,42053
4978,119472,0,42053
4979,119496,0,42053
4980,119520,0,42053
4981,119544,0,42053
4982,119568,0,42053
4983,119592,0,42053
4984,119616,0,42053
4985,119640,0,42053
4986,119664,0,42053
4987,119688,0,42053
4988,119712,0,42053
4989,119736,0,42053
4990,119760,0,42053
4991,119784,0,42053
4992,119808,0,42053
4993,119832,0,42053
4994,119856,0,42053
4995,119880,0,42053
4996,119904,0,42053
4997,119928,0,42053
4998,119952,0,42053
4999,119976,0,42053
5000,120000,1,42053
5001,120024,0,42053
5002,120048,0,42053
5003,120072,0,42053
5004,120096,0,42053
5005,120120,0,42053
5006,120144,0,42053
5007,120168,0,42053
5008,120192,0,42053
5009,120216,0,42053
5010,120240,0,42053
5011,120264,0,42053
5012,120288,0,42053
5013,120312,0,42053
5014,120336,0,42053
5015,120360,0,42053
5016,120384,0,42053
5017,120408,0,42053
5018,120432,0,42053
5019,120456,0,42053
5020,120480,0,42053
5021,120504,0,42053
5022,120528,1,42053
5023,120552,1,42053
5024,120576,0,42053
5025,120600,0,42053
5026,120624,0,42053
5027,120648,0,42053
5028,120672,0,42053
5029,120696,0,42053
5030,120720,0,42053
5031,120744,1,42053
5032,120768,1,42053
5033,120792,0,42053
5034,120816,0,42053
5035,120840,0,42053
5036,120864,0,42053
5037,120888,0,42053
5038,120912,0,42053
5039,120936,0,42053
5040,120960,0,42053
5041,120984,1,42053
5042,121008,1,42053
5043,121032,1,42053
5044,121056,0,42053
5045,121080,0,42053
5046,121104,0,42053
5047,121128,0,42053
5048,121152,0,42053
5049,121176,0,42053
5050,121200,0,42053
5051,121224,0,42053
5052,121248,0,42053
5053,121272,0,42053
5054,121296,0,42053
5055,121320,0,42053
5056,121344,0,42053
5057,121368,0,42053
5058,121392,0,42053
5059,121416,0,42053
5060,121440,0,42053
5061,121464,0,42053
5062,121488,0,42053
5063,121512,0,42053
5064,121536,0,42053
5065,121560,0,42053
5066,121584,0,42053
5067,121608,0,42053
5068,121632,0,42053
5069,121656,0,42053
5070,121680,0,42053
5071,121704,0,42053
5072,121728,0,42053
5073,121752,0,42053
5074,121776,0,42053
5075,121800,0,42053
5076,121824,0,42053
5077,121848,0,42053
