,frame_num,car
0,0,0
1,24,0
2,48,0
3,72,0
4,96,0
5,120,0
6,144,0
7,168,0
8,192,0
9,216,0
10,240,0
11,264,0
12,288,0
13,312,0
14,336,0
15,360,0
16,384,0
17,408,0
18,432,0
19,456,0
20,480,0
21,504,0
22,528,0
23,552,0
24,576,0
25,600,0
26,624,0
27,648,0
28,672,0
29,696,0
30,720,0
31,744,0
32,768,0
33,792,0
34,816,0
35,840,0
36,864,0
37,888,0
38,912,0
39,936,0
40,960,0
41,984,0
42,1008,0
43,1032,0
44,1056,0
45,1080,0
46,1104,0
47,1128,0
48,1152,0
49,1176,0
50,1200,0
51,1224,0
52,1248,0
53,1272,0
54,1296,0
55,1320,0
56,1344,0
57,1368,0
58,1392,1
59,1416,0
60,1440,0
61,1464,1
62,1488,0
63,1512,0
64,1536,0
65,1560,0
66,1584,0
67,1608,0
68,1632,0
69,1656,0
70,1680,0
71,1704,0
72,1728,0
73,1752,0
74,1776,0
75,1800,0
76,1824,0
77,1848,0
78,1872,0
79,1896,0
80,1920,0
81,1944,0
82,1968,0
83,1992,0
84,2016,0
85,2040,0
86,2064,0
87,2088,0
88,2112,0
89,2136,0
90,2160,0
91,2184,0
92,2208,0
93,2232,0
94,2256,0
95,2280,0
96,2304,0
97,2328,0
98,2352,0
99,2376,0
100,2400,0
101,2424,0
102,2448,0
103,2472,0
104,2496,0
105,2520,0
106,2544,0
107,2568,0
108,2592,1
109,2616,1
110,2640,0
111,2664,0
112,2688,0
113,2712,0
114,2736,0
115,2760,0
116,2784,0
117,2808,0
118,2832,0
119,2856,0
120,2880,0
121,2904,0
122,2928,0
123,2952,0
124,2976,0
125,3000,0
126,3024,1
127,3048,1
128,3072,1
129,3096,1
130,3120,0
131,3144,1
132,3168,0
133,3192,0
134,3216,0
135,3240,0
136,3264,0
137,3288,0
138,3312,0
139,3336,0
140,3360,0
141,3384,0
142,3408,0
143,3432,0
144,3456,0
145,3480,0
146,3504,0
147,3528,0
148,3552,0
149,3576,0
150,3600,0
151,3624,0
152,3648,0
153,3672,0
154,3696,0
155,3720,0
156,3744,0
157,3768,0
158,3792,0
159,3816,0
160,3840,0
161,3864,0
162,3888,0
163,3912,0
164,3936,0
165,3960,0
166,3984,0
167,4008,0
168,4032,0
169,4056,0
170,4080,0
171,4104,0
172,4128,0
173,4152,0
174,4176,0
175,4200,0
176,4224,0
177,4248,0
178,4272,0
179,4296,0
180,4320,0
181,4344,0
182,4368,0
183,4392,0
184,4416,1
185,4440,0
186,4464,1
187,4488,0
188,4512,0
189,4536,1
190,4560,0
191,4584,0
192,4608,0
193,4632,0
194,4656,0
195,4680,0
196,4704,0
197,4728,0
198,4752,0
199,4776,0
200,4800,0
201,4824,1
202,4848,0
203,4872,0
204,4896,0
205,4920,0
206,4944,0
207,4968,0
208,4992,0
209,5016,0
210,5040,0
211,5064,0
212,5088,1
213,5112,0
214,5136,0
215,5160,0
216,5184,0
217,5208,0
218,5232,0
219,5256,0
220,5280,0
221,5304,0
222,5328,0
223,5352,0
224,5376,0
225,5400,0
226,5424,0
227,5448,0
228,5472,0
229,5496,0
230,5520,0
231,5544,0
232,5568,0
233,5592,0
234,5616,0
235,5640,0
236,5664,0
237,5688,0
238,5712,0
239,5736,0
240,5760,0
241,5784,0
242,5808,0
243,5832,0
244,5856,0
245,5880,0
246,5904,0
247,5928,0
248,5952,0
249,5976,0
250,6000,0
251,6024,0
252,6048,0
253,6072,0
254,6096,0
255,6120,0
256,6144,0
257,6168,0
258,6192,0
259,6216,0
260,6240,0
261,6264,0
262,6288,0
263,6312,0
264,6336,0
265,6360,0
266,6384,0
267,6408,0
268,6432,0
269,6456,0
270,6480,0
271,6504,0
272,6528,0
273,6552,0
274,6576,0
275,6600,0
276,6624,0
277,6648,0
278,6672,0
279,6696,0
280,6720,0
281,6744,0
282,6768,0
283,6792,0
284,6816,0
285,6840,0
286,6864,0
287,6888,0
288,6912,0
289,6936,0
290,6960,0
291,6984,0
292,7008,0
293,7032,0
294,7056,0
295,7080,0
296,7104,0
297,7128,0
298,7152,0
299,7176,0
300,7200,0
301,7224,0
302,7248,0
303,7272,0
304,7296,0
305,7320,0
306,7344,0
307,7368,0
308,7392,0
309,7416,1
310,7440,0
311,7464,1
312,7488,0
313,7512,1
314,7536,0
315,7560,0
316,7584,0
317,7608,0
318,7632,0
319,7656,0
320,7680,0
321,7704,0
322,7728,0
323,7752,0
324,7776,0
325,7800,0
326,7824,0
327,7848,0
328,7872,0
329,7896,0
330,7920,0
331,7944,0
332,7968,0
333,7992,0
334,8016,0
335,8040,0
336,8064,0
337,8088,0
338,8112,0
339,8136,0
340,8160,0
341,8184,0
342,8208,0
343,8232,0
344,8256,0
345,8280,0
346,8304,0
347,8328,0
348,8352,0
349,8376,0
350,8400,0
351,8424,0
352,8448,0
353,8472,0
354,8496,0
355,8520,0
356,8544,0
357,8568,0
358,8592,0
359,8616,0
360,8640,0
361,8664,0
362,8688,0
363,8712,0
364,8736,1
365,8760,0
366,8784,0
367,8808,1
368,8832,0
369,8856,0
370,8880,1
371,8904,0
372,8928,0
373,8952,0
374,8976,0
375,9000,0
376,9024,0
377,9048,0
378,9072,0
379,9096,0
380,9120,1
381,9144,0
382,9168,0
383,9192,0
384,9216,0
385,9240,0
386,9264,0
387,9288,1
388,9312,0
389,9336,0
390,9360,0
391,9384,0
392,9408,0
393,9432,0
394,9456,0
395,9480,0
396,9504,0
397,9528,0
398,9552,0
399,9576,0
400,9600,0
401,9624,0
402,9648,0
403,9672,0
404,9696,0
405,9720,0
406,9744,0
407,9768,0
408,9792,0
409,9816,0
410,9840,0
411,9864,0
412,9888,0
413,9912,0
414,9936,0
415,9960,0
416,9984,0
417,10008,0
418,10032,0
419,10056,0
420,10080,0
421,10104,0
422,10128,0
423,10152,0
424,10176,0
425,10200,0
426,10224,0
427,10248,0
428,10272,0
429,10296,0
430,10320,0
431,10344,0
432,10368,0
433,10392,0
434,10416,0
435,10440,0
436,10464,0
437,10488,0
438,10512,0
439,10536,0
440,10560,0
441,10584,0
442,10608,0
443,10632,0
444,10656,0
445,10680,0
446,10704,0
447,10728,0
448,10752,0
449,10776,0
450,10800,0
451,10824,0
452,10848,0
453,10872,0
454,10896,0
455,10920,0
456,10944,0
457,10968,0
458,10992,0
459,11016,0
460,11040,0
461,11064,0
462,11088,0
463,11112,0
464,11136,0
465,11160,0
466,11184,1
467,11208,1
468,11232,0
469,11256,0
470,11280,0
471,11304,0
472,11328,0
473,11352,0
474,11376,0
475,11400,0
476,11424,0
477,11448,0
478,11472,0
479,11496,0
480,11520,0
481,11544,0
482,11568,0
483,11592,0
484,11616,0
485,11640,0
486,11664,0
487,11688,0
488,11712,0
489,11736,0
490,11760,1
491,11784,1
492,11808,0
493,11832,0
494,11856,0
495,11880,0
496,11904,0
497,11928,0
498,11952,0
499,11976,0
500,12000,0
501,12024,1
502,12048,0
503,12072,0
504,12096,0
505,12120,0
506,12144,0
507,12168,0
508,12192,0
509,12216,0
510,12240,0
511,12264,0
512,12288,0
513,12312,0
514,12336,0
515,12360,0
516,12384,0
517,12408,0
518,12432,0
519,12456,0
520,12480,0
521,12504,0
522,12528,0
523,12552,0
524,12576,0
525,12600,0
526,12624,0
527,12648,0
528,12672,0
529,12696,0
530,12720,0
531,12744,0
532,12768,0
533,12792,0
534,12816,0
535,12840,0
536,12864,0
537,12888,0
538,12912,0
539,12936,0
540,12960,0
541,12984,0
542,13008,0
543,13032,0
544,13056,0
545,13080,0
546,13104,0
547,13128,0
548,13152,0
549,13176,0
550,13200,0
551,13224,0
552,13248,0
553,13272,0
554,13296,0
555,13320,0
556,13344,0
557,13368,0
558,13392,0
559,13416,0
560,13440,0
561,13464,0
562,13488,0
563,13512,0
564,13536,0
565,13560,0
566,13584,0
567,13608,0
568,13632,0
569,13656,0
570,13680,0
571,13704,0
572,13728,0
573,13752,0
574,13776,0
575,13800,0
576,13824,0
577,13848,0
578,13872,0
579,13896,0
580,13920,0
581,13944,0
582,13968,0
583,13992,0
584,14016,0
585,14040,0
586,14064,0
587,14088,0
588,14112,0
589,14136,0
590,14160,0
591,14184,0
592,14208,0
593,14232,0
594,14256,0
595,14280,0
596,14304,0
597,14328,0
598,14352,0
599,14376,0
600,14400,0
601,14424,0
602,14448,0
603,14472,0
604,14496,0
605,14520,0
606,14544,0
607,14568,0
608,14592,0
609,14616,0
610,14640,0
611,14664,0
612,14688,0
613,14712,0
614,14736,0
615,14760,0
616,14784,0
617,14808,0
618,14832,0
619,14856,0
620,14880,0
621,14904,0
622,14928,0
623,14952,0
624,14976,0
625,15000,0
626,15024,0
627,15048,0
628,15072,0
629,15096,0
630,15120,0
631,15144,0
632,15168,0
633,15192,0
634,15216,0
635,15240,0
636,15264,0
637,15288,0
638,15312,0
639,15336,0
640,15360,0
641,15384,0
642,15408,0
643,15432,0
644,15456,0
645,15480,0
646,15504,0
647,15528,0
648,15552,0
649,15576,0
650,15600,0
651,15624,0
652,15648,0
653,15672,0
654,15696,0
655,15720,0
656,15744,0
657,15768,0
658,15792,0
659,15816,0
660,15840,0
661,15864,0
662,15888,0
663,15912,0
664,15936,0
665,15960,0
666,15984,0
667,16008,0
668,16032,0
669,16056,0
670,16080,0
671,16104,0
672,16128,0
673,16152,0
674,16176,0
675,16200,0
676,16224,0
677,16248,1
678,16272,0
679,16296,0
680,16320,1
681,16344,1
682,16368,0
683,16392,0
684,16416,0
685,16440,0
686,16464,0
687,16488,0
688,16512,0
689,16536,0
690,16560,0
691,16584,0
692,16608,1
693,16632,1
694,16656,0
695,16680,0
696,16704,0
697,16728,0
698,16752,0
699,16776,0
700,16800,0
701,16824,0
702,16848,0
703,16872,0
704,16896,0
705,16920,0
706,16944,0
707,16968,0
708,16992,0
709,17016,0
710,17040,0
711,17064,0
712,17088,0
713,17112,0
714,17136,0
715,17160,0
716,17184,0
717,17208,0
718,17232,0
719,17256,0
720,17280,0
721,17304,0
722,17328,0
723,17352,0
724,17376,0
725,17400,0
726,17424,0
727,17448,0
728,17472,0
729,17496,0
730,17520,0
731,17544,0
732,17568,0
733,17592,0
734,17616,0
735,17640,0
736,17664,0
737,17688,0
738,17712,0
739,17736,0
740,17760,0
741,17784,0
742,17808,0
743,17832,0
744,17856,0
745,17880,0
746,17904,0
747,17928,0
748,17952,0
749,17976,0
750,18000,0
751,18024,0
752,18048,0
753,18072,0
754,18096,0
755,18120,1
756,18144,1
757,18168,0
758,18192,0
759,18216,1
760,18240,1
761,18264,0
762,18288,0
763,18312,1
764,18336,1
765,18360,0
766,18384,0
767,18408,0
768,18432,0
769,18456,0
770,18480,0
771,18504,0
772,18528,0
773,18552,0
774,18576,0
775,18600,0
776,18624,0
777,18648,0
778,18672,1
779,18696,0
780,18720,1
781,18744,0
782,18768,0
783,18792,0
784,18816,0
785,18840,0
786,18864,0
787,18888,0
788,18912,0
789,18936,0
790,18960,0
791,18984,0
792,19008,0
793,19032,0
794,19056,0
795,19080,0
796,19104,0
797,19128,0
798,19152,0
799,19176,0
800,19200,0
801,19224,0
802,19248,0
803,19272,0
804,19296,0
805,19320,0
806,19344,0
807,19368,0
808,19392,0
809,19416,0
810,19440,0
811,19464,0
812,19488,0
813,19512,0
814,19536,0
815,19560,0
816,19584,0
817,19608,0
818,19632,0
819,19656,0
820,19680,0
821,19704,0
822,19728,0
823,19752,0
824,19776,0
825,19800,0
826,19824,0
827,19848,0
828,19872,0
829,19896,0
830,19920,0
831,19944,0
832,19968,0
833,19992,0
834,20016,0
835,20040,0
836,20064,0
837,20088,0
838,20112,0
839,20136,0
840,20160,0
841,20184,0
842,20208,0
843,20232,0
844,20256,0
845,20280,0
846,20304,0
847,20328,0
848,20352,0
849,20376,0
850,20400,0
851,20424,0
852,20448,0
853,20472,0
854,20496,0
855,20520,0
856,20544,0
857,20568,0
858,20592,0
859,20616,0
860,20640,0
861,20664,0
862,20688,0
863,20712,0
864,20736,0
865,20760,0
866,20784,0
867,20808,0
868,20832,0
869,20856,0
870,20880,0
871,20904,0
872,20928,0
873,20952,0
874,20976,0
875,21000,0
876,21024,0
877,21048,0
878,21072,0
879,21096,0
880,21120,0
881,21144,0
882,21168,0
883,21192,0
884,21216,0
885,21240,0
886,21264,0
887,21288,0
888,21312,0
889,21336,0
890,21360,0
891,21384,0
892,21408,0
893,21432,0
894,21456,0
895,21480,0
896,21504,0
897,21528,0
898,21552,0
899,21576,0
900,21600,0
901,21624,0
902,21648,0
903,21672,0
904,21696,0
905,21720,0
906,21744,0
907,21768,0
908,21792,0
909,21816,0
910,21840,0
911,21864,0
912,21888,0
913,21912,0
914,21936,0
915,21960,0
916,21984,0
917,22008,0
918,22032,0
919,22056,0
920,22080,0
921,22104,0
922,22128,0
923,22152,0
924,22176,0
925,22200,0
926,22224,0
927,22248,0
928,22272,0
929,22296,0
930,22320,0
931,22344,0
932,22368,1
933,22392,0
934,22416,0
935,22440,0
936,22464,0
937,22488,0
938,22512,0
939,22536,0
940,22560,0
941,22584,0
942,22608,0
943,22632,0
944,22656,0
945,22680,0
946,22704,0
947,22728,0
948,22752,0
949,22776,0
950,22800,0
951,22824,0
952,22848,0
953,22872,0
954,22896,1
955,22920,0
956,22944,0
957,22968,0
958,22992,0
959,23016,0
960,23040,0
961,23064,0
962,23088,0
963,23112,0
964,23136,0
965,23160,0
966,23184,1
967,23208,1
968,23232,1
969,23256,1
970,23280,0
971,23304,0
972,23328,0
973,23352,0
974,23376,0
975,23400,0
976,23424,0
977,23448,0
978,23472,0
979,23496,0
980,23520,0
981,23544,0
982,23568,0
983,23592,0
984,23616,0
985,23640,0
986,23664,0
987,23688,0
988,23712,0
989,23736,0
990,23760,0
991,23784,0
992,23808,0
993,23832,0
994,23856,0
995,23880,0
996,23904,0
997,23928,0
998,23952,0
999,23976,1
1000,24000,0
1001,24024,0
1002,24048,0
1003,24072,0
1004,24096,0
1005,24120,0
1006,24144,0
1007,24168,0
1008,24192,0
1009,24216,0
1010,24240,0
1011,24264,0
1012,24288,0
1013,24312,0
1014,24336,0
1015,24360,0
1016,24384,0
1017,24408,0
1018,24432,0
1019,24456,0
1020,24480,0
1021,24504,0
1022,24528,0
1023,24552,0
1024,24576,0
1025,24600,0
1026,24624,0
1027,24648,0
1028,24672,0
1029,24696,0
1030,24720,0
1031,24744,0
1032,24768,0
1033,24792,0
1034,24816,0
1035,24840,1
1036,24864,0
1037,24888,0
1038,24912,0
1039,24936,0
1040,24960,1
1041,24984,1
1042,25008,1
1043,25032,1
1044,25056,1
1045,25080,1
1046,25104,1
1047,25128,0
1048,25152,1
1049,25176,0
1050,25200,0
1051,25224,0
1052,25248,0
1053,25272,0
1054,25296,0
1055,25320,0
1056,25344,0
1057,25368,0
1058,25392,0
1059,25416,0
1060,25440,0
1061,25464,0
1062,25488,0
1063,25512,0
1064,25536,0
1065,25560,0
1066,25584,0
1067,25608,0
1068,25632,0
1069,25656,0
1070,25680,0
1071,25704,0
1072,25728,0
1073,25752,0
1074,25776,0
1075,25800,0
1076,25824,0
1077,25848,0
1078,25872,0
1079,25896,0
1080,25920,0
1081,25944,0
1082,25968,0
1083,25992,0
1084,26016,0
1085,26040,0
1086,26064,0
1087,26088,0
1088,26112,0
1089,26136,0
1090,26160,0
1091,26184,0
1092,26208,0
1093,26232,0
1094,26256,0
1095,26280,0
1096,26304,0
1097,26328,0
1098,26352,0
1099,26376,0
1100,26400,0
1101,26424,0
1102,26448,0
1103,26472,0
1104,26496,0
1105,26520,0
1106,26544,0
1107,26568,0
1108,26592,0
1109,26616,0
1110,26640,0
1111,26664,0
1112,26688,0
1113,26712,1
1114,26736,0
1115,26760,0
1116,26784,0
1117,26808,0
1118,26832,0
1119,26856,0
1120,26880,0
1121,26904,0
1122,26928,0
1123,26952,0
1124,26976,0
1125,27000,0
1126,27024,0
1127,27048,0
1128,27072,0
1129,27096,0
1130,27120,0
1131,27144,0
1132,27168,0
1133,27192,0
1134,27216,0
1135,27240,0
1136,27264,0
1137,27288,0
1138,27312,0
1139,27336,0
1140,27360,0
1141,27384,0
1142,27408,0
1143,27432,0
1144,27456,0
1145,27480,0
1146,27504,0
1147,27528,0
1148,27552,0
1149,27576,0
1150,27600,0
1151,27624,0
1152,27648,0
1153,27672,0
1154,27696,0
1155,27720,0
1156,27744,0
1157,27768,0
1158,27792,0
1159,27816,0
1160,27840,0
1161,27864,0
1162,27888,0
1163,27912,0
1164,27936,0
1165,27960,0
1166,27984,0
1167,28008,0
1168,28032,0
1169,28056,0
1170,28080,0
1171,28104,0
1172,28128,0
1173,28152,0
1174,28176,0
1175,28200,0
1176,28224,0
1177,28248,0
1178,28272,0
1179,28296,0
1180,28320,0
1181,28344,0
1182,28368,0
1183,28392,0
1184,28416,0
1185,28440,0
1186,28464,0
1187,28488,0
1188,28512,0
1189,28536,0
1190,28560,0
1191,28584,0
1192,28608,0
1193,28632,0
1194,28656,0
1195,28680,0
1196,28704,0
1197,28728,0
1198,28752,0
1199,28776,0
1200,28800,0
1201,28824,0
1202,28848,0
1203,28872,0
1204,28896,0
1205,28920,0
1206,28944,0
1207,28968,0
1208,28992,0
1209,29016,0
1210,29040,0
1211,29064,0
1212,29088,0
1213,29112,0
1214,29136,0
1215,29160,0
1216,29184,0
1217,29208,0
1218,29232,0
1219,29256,0
1220,29280,0
1221,29304,0
1222,29328,0
1223,29352,0
1224,29376,0
1225,29400,0
1226,29424,0
1227,29448,0
1228,29472,0
1229,29496,0
1230,29520,0
1231,29544,0
1232,29568,0
1233,29592,0
1234,29616,0
1235,29640,0
1236,29664,0
1237,29688,0
1238,29712,0
1239,29736,0
1240,29760,0
1241,29784,0
1242,29808,0
1243,29832,0
1244,29856,0
1245,29880,0
1246,29904,0
1247,29928,0
1248,29952,0
1249,29976,0
1250,30000,0
1251,30024,0
1252,30048,0
1253,30072,0
1254,30096,0
1255,30120,0
1256,30144,0
1257,30168,0
1258,30192,0
1259,30216,0
1260,30240,0
1261,30264,0
1262,30288,0
1263,30312,0
1264,30336,0
1265,30360,0
1266,30384,0
1267,30408,0
1268,30432,0
1269,30456,0
1270,30480,0
1271,30504,0
1272,30528,0
1273,30552,0
1274,30576,0
1275,30600,0
1276,30624,0
1277,30648,0
1278,30672,0
1279,30696,0
1280,30720,0
1281,30744,0
1282,30768,0
1283,30792,0
1284,30816,0
1285,30840,0
1286,30864,0
1287,30888,0
1288,30912,0
1289,30936,0
1290,30960,0
1291,30984,0
1292,31008,0
1293,31032,0
1294,31056,0
1295,31080,0
1296,31104,0
1297,31128,0
1298,31152,0
1299,31176,0
1300,31200,0
1301,31224,0
1302,31248,0
1303,31272,0
1304,31296,0
1305,31320,0
1306,31344,0
1307,31368,0
1308,31392,0
1309,31416,0
1310,31440,0
1311,31464,0
1312,31488,0
1313,31512,0
1314,31536,0
1315,31560,0
1316,31584,0
1317,31608,0
1318,31632,0
1319,31656,0
1320,31680,0
1321,31704,0
1322,31728,0
1323,31752,0
1324,31776,0
1325,31800,0
1326,31824,0
1327,31848,0
1328,31872,0
1329,31896,0
1330,31920,0
1331,31944,0
1332,31968,0
1333,31992,0
1334,32016,0
1335,32040,0
1336,32064,0
1337,32088,0
1338,32112,0
1339,32136,0
1340,32160,0
1341,32184,0
1342,32208,0
1343,32232,0
1344,32256,0
1345,32280,0
1346,32304,0
1347,32328,0
1348,32352,0
1349,32376,0
1350,32400,0
1351,32424,0
1352,32448,0
1353,32472,0
1354,32496,0
1355,32520,0
1356,32544,0
1357,32568,0
1358,32592,0
1359,32616,0
1360,32640,0
1361,32664,0
1362,32688,0
1363,32712,0
1364,32736,0
1365,32760,0
1366,32784,0
1367,32808,0
1368,32832,0
1369,32856,0
1370,32880,0
1371,32904,0
1372,32928,0
1373,32952,0
1374,32976,0
1375,33000,0
1376,33024,0
1377,33048,0
1378,33072,0
1379,33096,0
1380,33120,0
1381,33144,0
1382,33168,0
1383,33192,0
1384,33216,0
1385,33240,0
1386,33264,0
1387,33288,0
1388,33312,0
1389,33336,0
1390,33360,0
1391,33384,0
1392,33408,0
1393,33432,0
1394,33456,0
1395,33480,0
1396,33504,0
1397,33528,0
1398,33552,0
1399,33576,0
1400,33600,0
1401,33624,0
1402,33648,0
1403,33672,0
1404,33696,0
1405,33720,0
1406,33744,0
1407,33768,0
1408,33792,0
1409,33816,0
1410,33840,0
1411,33864,0
1412,33888,0
1413,33912,0
1414,33936,0
1415,33960,0
1416,33984,0
1417,34008,0
1418,34032,0
1419,34056,0
1420,34080,0
1421,34104,0
1422,34128,0
1423,34152,0
1424,34176,0
1425,34200,0
1426,34224,0
1427,34248,0
1428,34272,0
1429,34296,0
1430,34320,0
1431,34344,0
1432,34368,0
1433,34392,0
1434,34416,0
1435,34440,0
1436,34464,0
1437,34488,0
1438,34512,0
1439,34536,0
1440,34560,0
1441,34584,0
1442,34608,0
1443,34632,0
1444,34656,0
1445,34680,0
1446,34704,0
1447,34728,0
1448,34752,0
1449,34776,0
1450,34800,0
1451,34824,0
1452,34848,0
1453,34872,0
1454,34896,0
1455,34920,0
1456,34944,0
1457,34968,0
1458,34992,0
1459,35016,0
1460,35040,0
1461,35064,0
1462,35088,0
1463,35112,0
1464,35136,0
1465,35160,0
1466,35184,0
1467,35208,0
1468,35232,0
1469,35256,0
1470,35280,0
1471,35304,0
1472,35328,0
1473,35352,0
1474,35376,0
1475,35400,0
1476,35424,0
1477,35448,0
1478,35472,0
1479,35496,0
1480,35520,0
1481,35544,0
1482,35568,0
1483,35592,0
1484,35616,0
1485,35640,0
1486,35664,0
1487,35688,0
1488,35712,0
1489,35736,0
1490,35760,0
1491,35784,0
1492,35808,0
1493,35832,0
1494,35856,0
1495,35880,0
1496,35904,0
1497,35928,0
1498,35952,0
1499,35976,0
1500,36000,0
1501,36024,0
1502,36048,0
1503,36072,0
1504,36096,0
1505,36120,0
1506,36144,0
1507,36168,0
1508,36192,0
1509,36216,0
1510,36240,0
1511,36264,0
1512,36288,0
1513,36312,0
1514,36336,0
1515,36360,0
1516,36384,0
1517,36408,0
1518,36432,0
1519,36456,0
1520,36480,0
1521,36504,0
1522,36528,0
1523,36552,0
1524,36576,0
1525,36600,0
1526,36624,0
1527,36648,0
1528,36672,0
1529,36696,0
1530,36720,0
1531,36744,0
1532,36768,0
1533,36792,0
1534,36816,0
1535,36840,0
1536,36864,0
1537,36888,0
1538,36912,0
1539,36936,0
1540,36960,0
1541,36984,0
1542,37008,0
1543,37032,0
1544,37056,0
1545,37080,0
1546,37104,0
1547,37128,0
1548,37152,0
1549,37176,0
1550,37200,0
1551,37224,0
1552,37248,0
1553,37272,0
1554,37296,0
1555,37320,0
1556,37344,0
1557,37368,0
1558,37392,0
1559,37416,0
1560,37440,0
1561,37464,0
1562,37488,0
1563,37512,0
1564,37536,0
1565,37560,0
1566,37584,0
1567,37608,0
1568,37632,0
1569,37656,0
1570,37680,0
1571,37704,0
1572,37728,0
1573,37752,0
1574,37776,0
1575,37800,0
1576,37824,0
1577,37848,0
1578,37872,0
1579,37896,0
1580,37920,0
1581,37944,0
1582,37968,0
1583,37992,0
1584,38016,0
1585,38040,0
1586,38064,0
1587,38088,0
1588,38112,0
1589,38136,0
1590,38160,0
1591,38184,0
1592,38208,0
1593,38232,0
1594,38256,0
1595,38280,0
1596,38304,0
1597,38328,0
1598,38352,0
1599,38376,0
1600,38400,0
1601,38424,0
1602,38448,0
1603,38472,0
1604,38496,0
1605,38520,0
1606,38544,0
1607,38568,0
1608,38592,0
1609,38616,0
1610,38640,0
1611,38664,0
1612,38688,0
1613,38712,0
1614,38736,0
1615,38760,0
1616,38784,0
1617,38808,0
1618,38832,0
1619,38856,0
1620,38880,0
1621,38904,0
1622,38928,0
1623,38952,0
1624,38976,0
1625,39000,0
1626,39024,0
1627,39048,0
1628,39072,0
1629,39096,0
1630,39120,0
1631,39144,0
1632,39168,0
1633,39192,0
1634,39216,0
1635,39240,0
1636,39264,0
1637,39288,0
1638,39312,0
1639,39336,0
1640,39360,0
1641,39384,0
1642,39408,0
1643,39432,0
1644,39456,0
1645,39480,0
1646,39504,0
1647,39528,0
1648,39552,0
1649,39576,0
1650,39600,0
1651,39624,0
1652,39648,0
1653,39672,0
1654,39696,0
1655,39720,0
1656,39744,0
1657,39768,0
1658,39792,0
1659,39816,0
1660,39840,0
1661,39864,0
1662,39888,0
1663,39912,0
1664,39936,0
1665,39960,0
1666,39984,0
1667,40008,0
1668,40032,0
1669,40056,0
1670,40080,0
1671,40104,0
1672,40128,0
1673,40152,0
1674,40176,0
1675,40200,0
1676,40224,0
1677,40248,0
1678,40272,0
1679,40296,0
1680,40320,0
1681,40344,0
1682,40368,0
1683,40392,0
1684,40416,0
1685,40440,0
1686,40464,0
1687,40488,0
1688,40512,0
1689,40536,0
1690,40560,0
1691,40584,0
1692,40608,0
1693,40632,0
1694,40656,0
1695,40680,0
1696,40704,0
1697,40728,0
1698,40752,0
1699,40776,0
1700,40800,0
1701,40824,0
1702,40848,0
1703,40872,0
1704,40896,0
1705,40920,0
1706,40944,0
1707,40968,0
1708,40992,0
1709,41016,0
1710,41040,0
1711,41064,0
1712,41088,0
1713,41112,0
1714,41136,0
1715,41160,0
1716,41184,0
1717,41208,0
1718,41232,1
1719,41256,0
1720,41280,0
1721,41304,0
1722,41328,0
1723,41352,0
1724,41376,0
1725,41400,0
1726,41424,0
1727,41448,0
1728,41472,0
1729,41496,0
1730,41520,0
1731,41544,0
1732,41568,0
1733,41592,0
1734,41616,0
1735,41640,0
1736,41664,0
1737,41688,0
1738,41712,0
1739,41736,0
1740,41760,0
1741,41784,0
1742,41808,0
1743,41832,0
1744,41856,0
1745,41880,0
1746,41904,0
1747,41928,0
1748,41952,0
1749,41976,0
1750,42000,1
1751,42024,0
1752,42048,0
1753,42072,0
1754,42096,0
1755,42120,0
1756,42144,0
1757,42168,0
1758,42192,0
1759,42216,0
1760,42240,0
1761,42264,0
1762,42288,0
1763,42312,0
1764,42336,0
1765,42360,0
1766,42384,0
1767,42408,0
1768,42432,0
1769,42456,0
1770,42480,0
1771,42504,0
1772,42528,0
1773,42552,0
1774,42576,0
1775,42600,0
1776,42624,0
1777,42648,0
1778,42672,0
1779,42696,0
1780,42720,0
1781,42744,0
1782,42768,0
1783,42792,0
1784,42816,0
1785,42840,0
1786,42864,0
1787,42888,0
1788,42912,0
1789,42936,0
1790,42960,0
1791,42984,0
1792,43008,0
1793,43032,0
1794,43056,0
1795,43080,0
1796,43104,0
1797,43128,0
1798,43152,0
1799,43176,0
1800,43200,0
1801,43224,0
1802,43248,0
1803,43272,0
1804,43296,0
1805,43320,0
1806,43344,0
1807,43368,0
1808,43392,0
1809,43416,0
1810,43440,0
1811,43464,0
1812,43488,0
1813,43512,0
1814,43536,0
1815,43560,0
1816,43584,0
1817,43608,0
1818,43632,0
1819,43656,0
1820,43680,0
1821,43704,0
1822,43728,0
1823,43752,0
1824,43776,0
1825,43800,0
1826,43824,0
1827,43848,0
1828,43872,0
1829,43896,0
1830,43920,0
1831,43944,0
1832,43968,0
1833,43992,0
1834,44016,0
1835,44040,0
1836,44064,0
1837,44088,0
1838,44112,0
1839,44136,0
1840,44160,0
1841,44184,0
1842,44208,0
1843,44232,0
1844,44256,0
1845,44280,0
1846,44304,0
1847,44328,0
1848,44352,0
1849,44376,0
1850,44400,0
1851,44424,0
1852,44448,1
1853,44472,0
1854,44496,0
1855,44520,0
1856,44544,0
1857,44568,0
1858,44592,0
1859,44616,0
1860,44640,0
1861,44664,0
1862,44688,0
1863,44712,0
1864,44736,0
1865,44760,0
1866,44784,0
1867,44808,0
1868,44832,0
1869,44856,0
1870,44880,0
1871,44904,0
1872,44928,0
1873,44952,0
1874,44976,0
1875,45000,0
1876,45024,0
1877,45048,0
1878,45072,0
1879,45096,0
1880,45120,0
1881,45144,0
1882,45168,0
1883,45192,0
1884,45216,0
1885,45240,0
1886,45264,0
1887,45288,0
1888,45312,0
1889,45336,0
1890,45360,0
1891,45384,0
1892,45408,0
1893,45432,0
1894,45456,0
1895,45480,0
1896,45504,0
1897,45528,0
1898,45552,0
1899,45576,0
1900,45600,0
1901,45624,0
1902,45648,0
1903,45672,0
1904,45696,0
1905,45720,0
1906,45744,0
1907,45768,0
1908,45792,0
1909,45816,0
1910,45840,0
1911,45864,0
1912,45888,0
1913,45912,0
1914,45936,0
1915,45960,0
1916,45984,0
1917,46008,0
1918,46032,0
1919,46056,0
1920,46080,0
1921,46104,0
1922,46128,0
1923,46152,0
1924,46176,0
1925,46200,0
1926,46224,0
1927,46248,0
1928,46272,0
1929,46296,0
1930,46320,0
1931,46344,0
1932,46368,0
1933,46392,0
1934,46416,0
1935,46440,0
1936,46464,0
1937,46488,0
1938,46512,0
1939,46536,0
1940,46560,0
1941,46584,0
1942,46608,0
1943,46632,0
1944,46656,0
1945,46680,0
1946,46704,0
1947,46728,0
1948,46752,0
1949,46776,0
1950,46800,0
1951,46824,0
1952,46848,0
1953,46872,0
1954,46896,0
1955,46920,0
1956,46944,0
1957,46968,0
1958,46992,0
1959,47016,0
1960,47040,0
1961,47064,0
1962,47088,0
1963,47112,0
1964,47136,1
1965,47160,0
1966,47184,0
1967,47208,0
1968,47232,0
1969,47256,0
1970,47280,0
1971,47304,0
1972,47328,0
1973,47352,0
1974,47376,0
1975,47400,0
1976,47424,0
1977,47448,0
1978,47472,0
1979,47496,0
1980,47520,0
1981,47544,0
1982,47568,0
1983,47592,0
1984,47616,0
1985,47640,0
1986,47664,0
1987,47688,0
1988,47712,0
1989,47736,0
1990,47760,0
1991,47784,0
1992,47808,0
1993,47832,0
1994,47856,0
1995,47880,0
1996,47904,0
1997,47928,0
1998,47952,0
1999,47976,0
2000,48000,0
2001,48024,0
2002,48048,0
2003,48072,0
2004,48096,0
2005,48120,0
2006,48144,0
2007,48168,0
2008,48192,0
2009,48216,0
2010,48240,0
2011,48264,0
2012,48288,0
2013,48312,0
2014,48336,0
2015,48360,0
2016,48384,0
2017,48408,0
2018,48432,0
2019,48456,0
2020,48480,0
2021,48504,0
2022,48528,0
2023,48552,0
2024,48576,0
2025,48600,0
2026,48624,0
2027,48648,0
2028,48672,0
2029,48696,0
2030,48720,0
2031,48744,0
2032,48768,0
2033,48792,0
2034,48816,0
2035,48840,0
2036,48864,0
2037,48888,0
2038,48912,0
2039,48936,0
2040,48960,0
2041,48984,0
2042,49008,0
2043,49032,0
2044,49056,0
2045,49080,0
2046,49104,0
2047,49128,0
2048,49152,0
2049,49176,0
2050,49200,0
2051,49224,0
2052,49248,0
2053,49272,1
2054,49296,0
2055,49320,1
2056,49344,0
2057,49368,0
2058,49392,0
2059,49416,0
2060,49440,0
2061,49464,0
2062,49488,0
2063,49512,0
2064,49536,0
2065,49560,0
2066,49584,1
2067,49608,1
2068,49632,1
2069,49656,1
2070,49680,1
2071,49704,0
2072,49728,1
2073,49752,1
2074,49776,0
2075,49800,1
2076,49824,0
2077,49848,1
2078,49872,0
2079,49896,0
2080,49920,0
2081,49944,0
2082,49968,0
2083,49992,1
2084,50016,0
2085,50040,0
2086,50064,0
2087,50088,0
2088,50112,0
2089,50136,0
2090,50160,0
2091,50184,1
2092,50208,0
2093,50232,0
2094,50256,0
2095,50280,0
2096,50304,0
2097,50328,0
2098,50352,0
2099,50376,0
2100,50400,1
2101,50424,0
2102,50448,0
2103,50472,0
2104,50496,0
2105,50520,0
2106,50544,0
2107,50568,0
2108,50592,0
2109,50616,0
2110,50640,1
2111,50664,0
2112,50688,1
2113,50712,1
2114,50736,1
2115,50760,0
2116,50784,0
2117,50808,0
2118,50832,0
2119,50856,1
2120,50880,1
2121,50904,1
2122,50928,1
2123,50952,0
2124,50976,0
2125,51000,0
2126,51024,0
2127,51048,0
2128,51072,0
2129,51096,0
2130,51120,0
2131,51144,0
2132,51168,0
2133,51192,0
2134,51216,0
2135,51240,0
2136,51264,0
2137,51288,0
2138,51312,0
2139,51336,0
2140,51360,0
2141,51384,1
2142,51408,1
2143,51432,1
2144,51456,1
2145,51480,0
2146,51504,0
2147,51528,0
2148,51552,1
2149,51576,1
2150,51600,0
2151,51624,0
2152,51648,0
2153,51672,1
2154,51696,1
2155,51720,1
2156,51744,1
2157,51768,1
2158,51792,1
2159,51816,1
2160,51840,1
2161,51864,1
2162,51888,1
2163,51912,1
2164,51936,1
2165,51960,1
2166,51984,1
2167,52008,1
2168,52032,0
2169,52056,0
2170,52080,0
2171,52104,0
2172,52128,0
2173,52152,0
2174,52176,0
2175,52200,0
2176,52224,0
2177,52248,0
2178,52272,0
2179,52296,0
2180,52320,0
2181,52344,0
2182,52368,0
2183,52392,0
2184,52416,0
2185,52440,0
2186,52464,0
2187,52488,0
2188,52512,0
2189,52536,0
2190,52560,0
2191,52584,0
2192,52608,0
2193,52632,0
2194,52656,0
2195,52680,0
2196,52704,0
2197,52728,0
2198,52752,0
2199,52776,0
2200,52800,0
2201,52824,0
2202,52848,0
2203,52872,0
2204,52896,0
2205,52920,0
2206,52944,0
2207,52968,0
2208,52992,0
2209,53016,0
2210,53040,0
2211,53064,0
2212,53088,0
2213,53112,0
2214,53136,0
2215,53160,0
2216,53184,0
2217,53208,0
2218,53232,0
2219,53256,0
2220,53280,0
2221,53304,0
2222,53328,0
2223,53352,0
2224,53376,0
2225,53400,0
2226,53424,0
2227,53448,0
2228,53472,0
2229,53496,0
2230,53520,0
2231,53544,0
2232,53568,0
2233,53592,0
2234,53616,0
2235,53640,0
2236,53664,0
2237,53688,0
2238,53712,0
2239,53736,0
2240,53760,0
2241,53784,0
2242,53808,0
2243,53832,0
2244,53856,0
2245,53880,0
2246,53904,0
2247,53928,0
2248,53952,0
2249,53976,0
2250,54000,0
2251,54024,0
2252,54048,0
2253,54072,0
2254,54096,0
2255,54120,0
2256,54144,0
2257,54168,0
2258,54192,0
2259,54216,0
2260,54240,0
2261,54264,0
2262,54288,0
2263,54312,0
2264,54336,0
2265,54360,0
2266,54384,0
2267,54408,0
2268,54432,0
2269,54456,0
2270,54480,0
2271,54504,0
2272,54528,0
2273,54552,0
2274,54576,0
2275,54600,0
2276,54624,0
2277,54648,0
2278,54672,0
2279,54696,0
2280,54720,0
2281,54744,0
2282,54768,0
2283,54792,0
2284,54816,0
2285,54840,0
2286,54864,0
2287,54888,0
2288,54912,0
2289,54936,0
2290,54960,0
2291,54984,0
2292,55008,0
2293,55032,0
2294,55056,0
2295,55080,0
2296,55104,0
2297,55128,0
2298,55152,0
2299,55176,0
2300,55200,0
2301,55224,0
2302,55248,0
2303,55272,0
2304,55296,0
2305,55320,0
2306,55344,0
2307,55368,0
2308,55392,0
2309,55416,0
2310,55440,0
2311,55464,0
2312,55488,0
2313,55512,0
2314,55536,0
2315,55560,0
2316,55584,0
2317,55608,0
2318,55632,0
2319,55656,0
2320,55680,0
2321,55704,0
2322,55728,0
2323,55752,0
2324,55776,0
2325,55800,0
2326,55824,0
2327,55848,0
2328,55872,0
2329,55896,0
2330,55920,0
2331,55944,0
2332,55968,0
2333,55992,0
2334,56016,0
2335,56040,0
2336,56064,0
2337,56088,0
2338,56112,0
2339,56136,0
2340,56160,0
2341,56184,0
2342,56208,0
2343,56232,0
2344,56256,0
2345,56280,0
2346,56304,0
2347,56328,0
2348,56352,0
2349,56376,0
2350,56400,0
2351,56424,0
2352,56448,0
2353,56472,0
2354,56496,0
2355,56520,0
2356,56544,0
2357,56568,0
2358,56592,0
2359,56616,0
2360,56640,0
2361,56664,0
2362,56688,0
2363,56712,0
2364,56736,0
2365,56760,0
2366,56784,0
2367,56808,0
2368,56832,0
2369,56856,0
2370,56880,0
2371,56904,0
2372,56928,0
2373,56952,0
2374,56976,0
2375,57000,0
2376,57024,0
2377,57048,0
2378,57072,0
2379,57096,0
2380,57120,0
2381,57144,0
2382,57168,0
2383,57192,0
2384,57216,0
2385,57240,0
2386,57264,0
2387,57288,0
2388,57312,0
2389,57336,0
2390,57360,0
2391,57384,0
2392,57408,0
2393,57432,0
2394,57456,0
2395,57480,0
2396,57504,0
2397,57528,0
2398,57552,0
2399,57576,0
2400,57600,0
2401,57624,0
2402,57648,0
2403,57672,0
2404,57696,0
2405,57720,0
2406,57744,0
2407,57768,0
2408,57792,0
2409,57816,0
2410,57840,0
2411,57864,0
2412,57888,0
2413,57912,0
2414,57936,0
2415,57960,0
2416,57984,0
2417,58008,0
2418,58032,0
2419,58056,0
2420,58080,0
2421,58104,0
2422,58128,0
2423,58152,0
2424,58176,0
2425,58200,0
2426,58224,0
2427,58248,0
2428,58272,0
2429,58296,0
2430,58320,0
2431,58344,0
2432,58368,0
2433,58392,0
2434,58416,0
2435,58440,0
2436,58464,0
2437,58488,0
2438,58512,0
2439,58536,0
2440,58560,0
2441,58584,0
2442,58608,0
2443,58632,0
2444,58656,0
2445,58680,0
2446,58704,0
2447,58728,0
2448,58752,0
2449,58776,0
2450,58800,0
2451,58824,0
2452,58848,0
2453,58872,0
2454,58896,0
2455,58920,0
2456,58944,0
2457,58968,0
2458,58992,0
2459,59016,0
2460,59040,0
2461,59064,0
2462,59088,0
2463,59112,0
2464,59136,0
2465,59160,0
2466,59184,0
2467,59208,0
2468,59232,0
2469,59256,0
2470,59280,0
2471,59304,0
2472,59328,0
2473,59352,0
2474,59376,0
2475,59400,0
2476,59424,0
2477,59448,0
2478,59472,0
2479,59496,0
2480,59520,0
2481,59544,0
2482,59568,0
2483,59592,0
2484,59616,0
2485,59640,0
2486,59664,0
2487,59688,0
2488,59712,0
2489,59736,0
2490,59760,0
2491,59784,0
2492,59808,0
2493,59832,0
2494,59856,0
2495,59880,0
2496,59904,0
2497,59928,0
2498,59952,0
2499,59976,0
2500,60000,0
2501,60024,0
2502,60048,0
2503,60072,0
2504,60096,0
2505,60120,0
2506,60144,0
2507,60168,0
2508,60192,0
2509,60216,0
2510,60240,0
2511,60264,0
2512,60288,0
2513,60312,0
2514,60336,0
2515,60360,0
2516,60384,0
2517,60408,0
2518,60432,0
2519,60456,0
2520,60480,0
2521,60504,0
2522,60528,0
2523,60552,0
2524,60576,0
2525,60600,0
2526,60624,0
2527,60648,0
2528,60672,0
2529,60696,0
2530,60720,0
2531,60744,0
2532,60768,0
2533,60792,0
2534,60816,0
2535,60840,0
2536,60864,0
2537,60888,0
2538,60912,0
2539,60936,0
2540,60960,0
2541,60984,0
2542,61008,0
2543,61032,0
2544,61056,0
2545,61080,0
2546,61104,0
2547,61128,0
2548,61152,0
2549,61176,0
2550,61200,0
2551,61224,0
2552,61248,0
2553,61272,0
2554,61296,0
2555,61320,0
2556,61344,0
2557,61368,0
2558,61392,0
2559,61416,0
2560,61440,0
2561,61464,0
2562,61488,0
2563,61512,0
2564,61536,0
2565,61560,0
2566,61584,0
2567,61608,0
2568,61632,0
2569,61656,0
2570,61680,0
2571,61704,0
2572,61728,0
2573,61752,0
2574,61776,0
2575,61800,0
2576,61824,0
2577,61848,0
2578,61872,0
2579,61896,0
2580,61920,0
2581,61944,0
2582,61968,0
2583,61992,0
2584,62016,0
2585,62040,0
2586,62064,0
2587,62088,0
2588,62112,0
2589,62136,0
2590,62160,0
2591,62184,0
2592,62208,0
2593,62232,0
2594,62256,0
2595,62280,0
2596,62304,0
2597,62328,0
2598,62352,0
2599,62376,0
2600,62400,0
2601,62424,0
2602,62448,0
2603,62472,0
2604,62496,0
2605,62520,0
2606,62544,0
2607,62568,0
2608,62592,0
2609,62616,0
2610,62640,0
2611,62664,0
2612,62688,0
2613,62712,0
2614,62736,0
2615,62760,0
2616,62784,0
2617,62808,0
2618,62832,0
2619,62856,0
2620,62880,0
2621,62904,0
2622,62928,0
2623,62952,0
2624,62976,0
2625,63000,0
2626,63024,0
2627,63048,0
2628,63072,0
2629,63096,0
2630,63120,0
2631,63144,0
2632,63168,0
2633,63192,0
2634,63216,0
2635,63240,0
2636,63264,0
2637,63288,0
2638,63312,0
2639,63336,0
2640,63360,0
2641,63384,0
2642,63408,0
2643,63432,0
2644,63456,0
2645,63480,0
2646,63504,0
2647,63528,0
2648,63552,0
2649,63576,0
2650,63600,0
2651,63624,0
2652,63648,0
2653,63672,0
2654,63696,0
2655,63720,0
2656,63744,0
2657,63768,0
2658,63792,0
2659,63816,0
2660,63840,0
2661,63864,0
2662,63888,0
2663,63912,0
2664,63936,0
2665,63960,0
2666,63984,0
2667,64008,0
2668,64032,0
2669,64056,0
2670,64080,0
2671,64104,0
2672,64128,0
2673,64152,0
2674,64176,0
2675,64200,0
2676,64224,0
2677,64248,0
2678,64272,0
2679,64296,0
2680,64320,0
2681,64344,0
2682,64368,0
2683,64392,0
2684,64416,0
2685,64440,0
2686,64464,0
2687,64488,0
2688,64512,0
2689,64536,0
2690,64560,0
2691,64584,0
2692,64608,0
2693,64632,0
2694,64656,0
2695,64680,0
2696,64704,0
2697,64728,0
2698,64752,0
2699,64776,0
2700,64800,0
2701,64824,0
2702,64848,0
2703,64872,0
2704,64896,0
2705,64920,0
2706,64944,0
2707,64968,0
2708,64992,0
2709,65016,0
2710,65040,0
2711,65064,0
2712,65088,0
2713,65112,0
2714,65136,0
2715,65160,0
2716,65184,0
2717,65208,0
2718,65232,0
2719,65256,0
2720,65280,0
2721,65304,0
2722,65328,0
2723,65352,0
2724,65376,0
2725,65400,0
2726,65424,0
2727,65448,0
2728,65472,0
2729,65496,0
2730,65520,0
2731,65544,0
2732,65568,0
2733,65592,0
2734,65616,0
2735,65640,0
2736,65664,0
2737,65688,0
2738,65712,0
2739,65736,0
2740,65760,0
2741,65784,0
2742,65808,0
2743,65832,0
2744,65856,0
2745,65880,0
2746,65904,0
2747,65928,0
2748,65952,0
2749,65976,0
2750,66000,0
2751,66024,0
2752,66048,0
2753,66072,0
2754,66096,0
2755,66120,0
2756,66144,0
2757,66168,0
2758,66192,0
2759,66216,0
2760,66240,0
2761,66264,0
2762,66288,0
2763,66312,0
2764,66336,0
2765,66360,0
2766,66384,0
2767,66408,0
2768,66432,0
2769,66456,0
2770,66480,0
2771,66504,0
2772,66528,0
2773,66552,0
2774,66576,0
2775,66600,0
2776,66624,0
2777,66648,0
2778,66672,0
2779,66696,0
2780,66720,0
2781,66744,0
2782,66768,0
2783,66792,0
2784,66816,0
2785,66840,0
2786,66864,0
2787,66888,0
2788,66912,0
2789,66936,0
2790,66960,0
2791,66984,0
2792,67008,0
2793,67032,0
2794,67056,0
2795,67080,0
2796,67104,0
2797,67128,0
2798,67152,0
2799,67176,0
2800,67200,0
2801,67224,0
2802,67248,0
2803,67272,0
2804,67296,0
2805,67320,0
2806,67344,0
2807,67368,0
2808,67392,0
2809,67416,0
2810,67440,0
2811,67464,0
2812,67488,0
2813,67512,0
2814,67536,0
2815,67560,0
2816,67584,0
2817,67608,0
2818,67632,0
2819,67656,0
2820,67680,0
2821,67704,0
2822,67728,0
2823,67752,0
2824,67776,0
2825,67800,0
2826,67824,0
2827,67848,0
2828,67872,0
2829,67896,0
2830,67920,0
2831,67944,0
2832,67968,0
2833,67992,0
2834,68016,0
2835,68040,0
2836,68064,0
2837,68088,0
2838,68112,0
2839,68136,0
2840,68160,0
2841,68184,0
2842,68208,0
2843,68232,0
2844,68256,0
2845,68280,0
2846,68304,0
2847,68328,0
2848,68352,0
2849,68376,0
2850,68400,0
2851,68424,0
2852,68448,0
2853,68472,0
2854,68496,0
2855,68520,0
2856,68544,0
2857,68568,0
2858,68592,0
2859,68616,0
2860,68640,0
2861,68664,0
2862,68688,0
2863,68712,0
2864,68736,0
2865,68760,0
2866,68784,0
2867,68808,0
2868,68832,0
2869,68856,0
2870,68880,0
2871,68904,0
2872,68928,0
2873,68952,0
2874,68976,0
2875,69000,0
2876,69024,0
2877,69048,0
2878,69072,0
2879,69096,0
2880,69120,0
2881,69144,0
2882,69168,0
2883,69192,0
2884,69216,0
2885,69240,0
2886,69264,0
2887,69288,0
2888,69312,0
2889,69336,0
2890,69360,0
2891,69384,0
2892,69408,0
2893,69432,0
2894,69456,0
2895,69480,0
2896,69504,0
2897,69528,0
2898,69552,0
2899,69576,0
2900,69600,0
2901,69624,0
2902,69648,0
2903,69672,0
2904,69696,0
2905,69720,0
2906,69744,0
2907,69768,0
2908,69792,0
2909,69816,0
2910,69840,0
2911,69864,0
2912,69888,0
2913,69912,0
2914,69936,0
2915,69960,0
2916,69984,0
2917,70008,0
2918,70032,0
2919,70056,0
2920,70080,0
2921,70104,0
2922,70128,0
2923,70152,0
2924,70176,0
2925,70200,0
2926,70224,0
2927,70248,0
2928,70272,0
2929,70296,0
2930,70320,0
2931,70344,0
2932,70368,0
2933,70392,0
2934,70416,0
2935,70440,0
2936,70464,0
2937,70488,0
2938,70512,0
2939,70536,0
2940,70560,0
2941,70584,0
2942,70608,0
2943,70632,0
2944,70656,0
2945,70680,0
2946,70704,0
2947,70728,0
2948,70752,0
2949,70776,0
2950,70800,0
2951,70824,0
2952,70848,0
2953,70872,0
2954,70896,0
2955,70920,0
2956,70944,0
2957,70968,0
2958,70992,0
2959,71016,0
2960,71040,0
2961,71064,0
2962,71088,0
2963,71112,0
2964,71136,0
2965,71160,0
2966,71184,0
2967,71208,0
2968,71232,0
2969,71256,0
2970,71280,0
2971,71304,0
2972,71328,0
2973,71352,0
2974,71376,0
2975,71400,0
2976,71424,0
2977,71448,0
2978,71472,0
2979,71496,0
2980,71520,0
2981,71544,0
2982,71568,0
2983,71592,0
2984,71616,0
2985,71640,0
2986,71664,0
2987,71688,0
2988,71712,0
2989,71736,0
2990,71760,0
2991,71784,0
2992,71808,0
2993,71832,0
2994,71856,0
2995,71880,0
2996,71904,0
2997,71928,0
2998,71952,0
2999,71976,0
3000,72000,0
3001,72024,0
3002,72048,0
3003,72072,0
3004,72096,0
3005,72120,0
3006,72144,0
3007,72168,0
3008,72192,0
3009,72216,0
3010,72240,0
3011,72264,0
3012,72288,0
3013,72312,0
3014,72336,0
3015,72360,0
3016,72384,0
3017,72408,0
3018,72432,0
3019,72456,0
3020,72480,0
3021,72504,0
3022,72528,0
3023,72552,0
3024,72576,0
3025,72600,0
3026,72624,0
3027,72648,0
3028,72672,0
3029,72696,0
3030,72720,0
3031,72744,0
3032,72768,0
3033,72792,0
3034,72816,0
3035,72840,0
3036,72864,0
3037,72888,0
3038,72912,0
3039,72936,0
3040,72960,0
3041,72984,0
3042,73008,0
3043,73032,0
3044,73056,0
3045,73080,0
3046,73104,0
3047,73128,0
3048,73152,0
3049,73176,0
3050,73200,0
3051,73224,0
3052,73248,0
3053,73272,0
3054,73296,0
3055,73320,0
3056,73344,0
3057,73368,0
3058,73392,0
3059,73416,0
3060,73440,0
3061,73464,0
3062,73488,0
3063,73512,0
3064,73536,0
3065,73560,0
3066,73584,0
3067,73608,0
3068,73632,0
3069,73656,0
3070,73680,0
3071,73704,0
3072,73728,0
3073,73752,0
3074,73776,0
3075,73800,0
3076,73824,0
3077,73848,0
3078,73872,0
3079,73896,0
3080,73920,0
3081,73944,0
3082,73968,0
3083,73992,0
3084,74016,0
3085,74040,0
3086,74064,0
3087,74088,0
3088,74112,0
3089,74136,0
3090,74160,0
3091,74184,0
3092,74208,0
3093,74232,0
3094,74256,0
3095,74280,0
3096,74304,0
3097,74328,0
3098,74352,0
3099,74376,0
3100,74400,0
3101,74424,0
3102,74448,0
3103,74472,0
3104,74496,0
3105,74520,0
3106,74544,0
3107,74568,0
3108,74592,0
3109,74616,0
3110,74640,0
3111,74664,0
3112,74688,0
3113,74712,0
3114,74736,0
3115,74760,0
3116,74784,0
3117,74808,0
3118,74832,0
3119,74856,0
3120,74880,0
3121,74904,0
3122,74928,0
3123,74952,0
3124,74976,0
3125,75000,0
3126,75024,0
3127,75048,0
3128,75072,0
3129,75096,0
3130,75120,0
3131,75144,0
3132,75168,0
3133,75192,0
3134,75216,0
3135,75240,0
3136,75264,0
3137,75288,0
3138,75312,0
3139,75336,0
3140,75360,0
3141,75384,0
3142,75408,0
3143,75432,0
3144,75456,0
3145,75480,0
3146,75504,0
3147,75528,0
3148,75552,0
3149,75576,0
3150,75600,0
3151,75624,0
3152,75648,0
3153,75672,0
3154,75696,0
3155,75720,0
3156,75744,0
3157,75768,0
3158,75792,0
3159,75816,0
3160,75840,0
3161,75864,0
3162,75888,0
3163,75912,0
3164,75936,0
3165,75960,0
3166,75984,0
3167,76008,0
3168,76032,0
3169,76056,0
3170,76080,0
3171,76104,0
3172,76128,0
3173,76152,0
3174,76176,0
3175,76200,0
3176,76224,0
3177,76248,0
3178,76272,0
3179,76296,0
3180,76320,0
3181,76344,0
3182,76368,0
3183,76392,0
3184,76416,0
3185,76440,0
3186,76464,0
3187,76488,0
3188,76512,0
3189,76536,0
3190,76560,0
3191,76584,0
3192,76608,0
3193,76632,0
3194,76656,0
3195,76680,0
3196,76704,0
3197,76728,0
3198,76752,0
3199,76776,0
3200,76800,0
3201,76824,0
3202,76848,0
3203,76872,0
3204,76896,0
3205,76920,0
3206,76944,0
3207,76968,0
3208,76992,0
3209,77016,0
3210,77040,0
3211,77064,0
3212,77088,0
3213,77112,0
3214,77136,0
3215,77160,0
3216,77184,0
3217,77208,0
3218,77232,0
3219,77256,0
3220,77280,0
3221,77304,0
3222,77328,0
3223,77352,0
3224,77376,0
3225,77400,0
3226,77424,0
3227,77448,0
3228,77472,0
3229,77496,0
3230,77520,0
3231,77544,0
3232,77568,0
3233,77592,0
3234,77616,0
3235,77640,0
3236,77664,0
3237,77688,0
3238,77712,0
3239,77736,0
3240,77760,0
3241,77784,0
3242,77808,0
3243,77832,0
3244,77856,0
3245,77880,0
3246,77904,0
3247,77928,0
3248,77952,0
3249,77976,0
3250,78000,0
3251,78024,0
3252,78048,0
3253,78072,0
3254,78096,0
3255,78120,0
3256,78144,0
3257,78168,0
3258,78192,0
3259,78216,0
3260,78240,0
3261,78264,0
3262,78288,0
3263,78312,0
3264,78336,0
3265,78360,0
3266,78384,0
3267,78408,0
3268,78432,0
3269,78456,0
3270,78480,0
3271,78504,0
3272,78528,0
3273,78552,0
3274,78576,0
3275,78600,0
3276,78624,0
3277,78648,0
3278,78672,0
3279,78696,0
3280,78720,0
3281,78744,0
3282,78768,0
3283,78792,0
3284,78816,0
3285,78840,0
3286,78864,0
3287,78888,0
3288,78912,0
3289,78936,0
3290,78960,0
3291,78984,0
3292,79008,0
3293,79032,0
3294,79056,0
3295,79080,0
3296,79104,0
3297,79128,0
3298,79152,0
3299,79176,0
3300,79200,0
3301,79224,0
3302,79248,0
3303,79272,0
3304,79296,0
3305,79320,0
3306,79344,0
3307,79368,0
3308,79392,0
3309,79416,0
3310,79440,0
3311,79464,0
3312,79488,0
3313,79512,0
3314,79536,0
3315,79560,0
3316,79584,0
3317,79608,0
3318,79632,0
3319,79656,0
3320,79680,0
3321,79704,0
3322,79728,0
3323,79752,0
3324,79776,0
3325,79800,0
3326,79824,0
3327,79848,0
3328,79872,0
3329,79896,0
3330,79920,0
3331,79944,0
3332,79968,0
3333,79992,0
3334,80016,0
3335,80040,0
3336,80064,0
3337,80088,0
3338,80112,0
3339,80136,0
3340,80160,0
3341,80184,0
3342,80208,0
3343,80232,0
3344,80256,0
3345,80280,0
3346,80304,0
3347,80328,0
3348,80352,0
3349,80376,0
3350,80400,0
3351,80424,0
3352,80448,0
3353,80472,0
3354,80496,0
3355,80520,0
3356,80544,0
3357,80568,0
3358,80592,0
3359,80616,0
3360,80640,0
3361,80664,0
3362,80688,0
3363,80712,0
3364,80736,0
3365,80760,0
3366,80784,0
3367,80808,0
3368,80832,0
3369,80856,0
3370,80880,0
3371,80904,0
3372,80928,0
3373,80952,0
3374,80976,0
3375,81000,0
3376,81024,0
3377,81048,0
3378,81072,0
3379,81096,0
3380,81120,0
3381,81144,0
3382,81168,0
3383,81192,0
3384,81216,0
3385,81240,0
3386,81264,0
3387,81288,0
3388,81312,0
3389,81336,0
3390,81360,0
3391,81384,0
3392,81408,0
3393,81432,0
3394,81456,0
3395,81480,0
3396,81504,0
3397,81528,0
3398,81552,0
3399,81576,0
3400,81600,0
3401,81624,0
3402,81648,0
3403,81672,0
3404,81696,0
3405,81720,0
3406,81744,0
3407,81768,0
3408,81792,0
3409,81816,0
3410,81840,0
3411,81864,0
3412,81888,0
3413,81912,0
3414,81936,0
3415,81960,0
3416,81984,0
3417,82008,0
3418,82032,0
3419,82056,0
3420,82080,0
3421,82104,0
3422,82128,0
3423,82152,0
3424,82176,0
3425,82200,0
3426,82224,0
3427,82248,0
3428,82272,0
3429,82296,0
3430,82320,0
3431,82344,0
3432,82368,0
3433,82392,0
3434,82416,0
3435,82440,0
3436,82464,0
3437,82488,0
3438,82512,0
3439,82536,0
3440,82560,0
3441,82584,0
3442,82608,0
3443,82632,0
3444,82656,0
3445,82680,0
3446,82704,0
3447,82728,0
3448,82752,0
3449,82776,0
3450,82800,0
3451,82824,0
3452,82848,0
3453,82872,0
3454,82896,0
3455,82920,0
3456,82944,0
3457,82968,0
3458,82992,0
3459,83016,0
3460,83040,0
3461,83064,0
3462,83088,0
3463,83112,0
3464,83136,0
3465,83160,0
3466,83184,0
3467,83208,0
3468,83232,0
3469,83256,0
3470,83280,0
3471,83304,0
3472,83328,0
3473,83352,0
3474,83376,0
3475,83400,0
3476,83424,0
3477,83448,0
3478,83472,0
3479,83496,0
3480,83520,0
3481,83544,0
3482,83568,0
3483,83592,0
3484,83616,0
3485,83640,0
3486,83664,0
3487,83688,0
3488,83712,0
3489,83736,0
3490,83760,0
3491,83784,0
3492,83808,0
3493,83832,0
3494,83856,0
3495,83880,0
3496,83904,0
3497,83928,0
3498,83952,0
3499,83976,0
3500,84000,0
3501,84024,0
3502,84048,0
3503,84072,0
3504,84096,0
3505,84120,0
3506,84144,0
3507,84168,0
3508,84192,0
3509,84216,0
3510,84240,0
3511,84264,0
3512,84288,0
3513,84312,0
3514,84336,0
3515,84360,0
3516,84384,0
3517,84408,0
3518,84432,0
3519,84456,0
3520,84480,0
3521,84504,0
3522,84528,0
3523,84552,0
3524,84576,0
3525,84600,1
3526,84624,0
3527,84648,0
3528,84672,0
3529,84696,0
3530,84720,0
3531,84744,0
3532,84768,0
3533,84792,0
3534,84816,0
3535,84840,0
3536,84864,0
3537,84888,0
3538,84912,0
3539,84936,0
3540,84960,0
3541,84984,0
3542,85008,0
3543,85032,0
3544,85056,0
3545,85080,0
3546,85104,0
3547,85128,0
3548,85152,0
3549,85176,0
3550,85200,0
3551,85224,0
3552,85248,0
3553,85272,0
3554,85296,0
3555,85320,0
3556,85344,0
3557,85368,0
3558,85392,0
3559,85416,0
3560,85440,0
3561,85464,0
3562,85488,0
3563,85512,0
3564,85536,0
3565,85560,0
3566,85584,0
3567,85608,0
3568,85632,0
3569,85656,0
3570,85680,0
3571,85704,0
3572,85728,0
3573,85752,0
3574,85776,0
3575,85800,0
3576,85824,0
3577,85848,0
3578,85872,0
3579,85896,0
3580,85920,0
3581,85944,0
3582,85968,0
3583,85992,0
3584,86016,0
3585,86040,0
3586,86064,0
3587,86088,0
3588,86112,0
3589,86136,0
3590,86160,0
3591,86184,0
3592,86208,0
3593,86232,0
3594,86256,0
3595,86280,0
3596,86304,0
3597,86328,0
3598,86352,0
3599,86376,0
3600,86400,0
3601,86424,0
3602,86448,0
3603,86472,0
3604,86496,0
3605,86520,0
3606,86544,0
3607,86568,0
3608,86592,0
3609,86616,0
3610,86640,0
3611,86664,0
3612,86688,0
3613,86712,0
3614,86736,0
3615,86760,0
3616,86784,0
3617,86808,0
3618,86832,0
3619,86856,0
3620,86880,0
3621,86904,0
3622,86928,0
3623,86952,0
3624,86976,0
3625,87000,0
3626,87024,0
3627,87048,0
3628,87072,0
3629,87096,0
3630,87120,0
3631,87144,0
3632,87168,0
3633,87192,0
3634,87216,0
3635,87240,0
3636,87264,0
3637,87288,0
3638,87312,0
3639,87336,0
3640,87360,0
3641,87384,0
3642,87408,0
3643,87432,0
3644,87456,0
3645,87480,0
3646,87504,0
3647,87528,0
3648,87552,0
3649,87576,0
3650,87600,0
3651,87624,0
3652,87648,0
3653,87672,0
3654,87696,0
3655,87720,0
3656,87744,0
3657,87768,0
3658,87792,0
3659,87816,0
3660,87840,0
3661,87864,0
3662,87888,0
3663,87912,0
3664,87936,0
3665,87960,0
3666,87984,0
3667,88008,0
3668,88032,0
3669,88056,0
3670,88080,0
3671,88104,0
3672,88128,0
3673,88152,0
3674,88176,0
3675,88200,0
3676,88224,0
3677,88248,0
3678,88272,0
3679,88296,0
3680,88320,0
3681,88344,0
3682,88368,0
3683,88392,0
3684,88416,0
3685,88440,0
3686,88464,0
3687,88488,0
3688,88512,0
3689,88536,0
3690,88560,0
3691,88584,0
3692,88608,0
3693,88632,0
3694,88656,0
3695,88680,0
3696,88704,0
3697,88728,0
3698,88752,0
3699,88776,0
3700,88800,0
3701,88824,0
3702,88848,0
3703,88872,0
3704,88896,0
3705,88920,0
3706,88944,0
3707,88968,0
3708,88992,0
3709,89016,0
3710,89040,0
3711,89064,0
3712,89088,0
3713,89112,0
3714,89136,0
3715,89160,0
3716,89184,0
3717,89208,0
3718,89232,0
3719,89256,0
3720,89280,0
3721,89304,0
3722,89328,0
3723,89352,0
3724,89376,0
3725,89400,0
3726,89424,0
3727,89448,0
3728,89472,0
3729,89496,0
3730,89520,0
3731,89544,0
3732,89568,0
3733,89592,0
3734,89616,0
3735,89640,0
3736,89664,0
3737,89688,0
3738,89712,0
3739,89736,0
3740,89760,0
3741,89784,0
3742,89808,0
3743,89832,0
3744,89856,0
3745,89880,0
3746,89904,0
3747,89928,0
3748,89952,0
3749,89976,0
3750,90000,0
3751,90024,0
3752,90048,0
3753,90072,0
3754,90096,0
3755,90120,0
3756,90144,0
3757,90168,0
3758,90192,0
3759,90216,0
3760,90240,0
3761,90264,0
3762,90288,0
3763,90312,0
3764,90336,0
3765,90360,0
3766,90384,0
3767,90408,0
3768,90432,0
3769,90456,0
3770,90480,0
3771,90504,0
3772,90528,0
3773,90552,0
3774,90576,0
3775,90600,0
3776,90624,0
3777,90648,0
3778,90672,0
3779,90696,0
3780,90720,0
3781,90744,0
3782,90768,0
3783,90792,0
3784,90816,0
3785,90840,0
3786,90864,0
3787,90888,0
3788,90912,0
3789,90936,0
3790,90960,0
3791,90984,0
3792,91008,0
3793,91032,0
3794,91056,0
3795,91080,0
3796,91104,0
3797,91128,0
3798,91152,0
3799,91176,0
3800,91200,0
3801,91224,0
3802,91248,0
3803,91272,0
3804,91296,0
3805,91320,0
3806,91344,0
3807,91368,0
3808,91392,0
3809,91416,0
3810,91440,0
3811,91464,0
3812,91488,0
3813,91512,0
3814,91536,0
3815,91560,0
3816,91584,0
3817,91608,0
3818,91632,0
3819,91656,0
3820,91680,0
3821,91704,0
3822,91728,0
3823,91752,0
3824,91776,0
3825,91800,0
3826,91824,0
3827,91848,0
3828,91872,0
3829,91896,0
3830,91920,0
3831,91944,0
3832,91968,0
3833,91992,0
3834,92016,0
3835,92040,0
3836,92064,0
3837,92088,0
3838,92112,0
3839,92136,0
3840,92160,0
3841,92184,0
3842,92208,0
3843,92232,0
3844,92256,0
3845,92280,0
3846,92304,0
3847,92328,0
3848,92352,0
3849,92376,0
3850,92400,0
3851,92424,0
3852,92448,0
3853,92472,0
3854,92496,0
3855,92520,0
3856,92544,0
3857,92568,0
3858,92592,0
3859,92616,0
3860,92640,0
3861,92664,0
3862,92688,0
3863,92712,0
3864,92736,0
3865,92760,0
3866,92784,0
3867,92808,0
3868,92832,0
3869,92856,0
3870,92880,0
3871,92904,0
3872,92928,0
3873,92952,0
3874,92976,0
3875,93000,0
3876,93024,0
3877,93048,0
3878,93072,0
3879,93096,0
3880,93120,0
3881,93144,0
3882,93168,0
3883,93192,0
3884,93216,0
3885,93240,0
3886,93264,0
3887,93288,0
3888,93312,0
3889,93336,0
3890,93360,0
3891,93384,0
3892,93408,0
3893,93432,0
3894,93456,0
3895,93480,0
3896,93504,0
3897,93528,0
3898,93552,0
3899,93576,0
3900,93600,0
3901,93624,0
3902,93648,0
3903,93672,0
3904,93696,0
3905,93720,0
3906,93744,0
3907,93768,0
3908,93792,0
3909,93816,0
3910,93840,0
3911,93864,0
3912,93888,0
3913,93912,0
3914,93936,0
3915,93960,0
3916,93984,0
3917,94008,0
3918,94032,0
3919,94056,0
3920,94080,0
3921,94104,0
3922,94128,0
3923,94152,0
3924,94176,0
3925,94200,0
3926,94224,0
3927,94248,0
3928,94272,0
3929,94296,0
3930,94320,0
3931,94344,0
3932,94368,0
3933,94392,0
3934,94416,0
3935,94440,0
3936,94464,0
3937,94488,0
3938,94512,0
3939,94536,0
3940,94560,0
3941,94584,0
3942,94608,0
3943,94632,0
3944,94656,0
3945,94680,0
3946,94704,0
3947,94728,0
3948,94752,0
3949,94776,0
3950,94800,0
3951,94824,0
3952,94848,0
3953,94872,0
3954,94896,0
3955,94920,0
3956,94944,0
3957,94968,0
3958,94992,0
3959,95016,0
3960,95040,0
3961,95064,0
3962,95088,0
3963,95112,0
3964,95136,0
3965,95160,0
3966,95184,0
3967,95208,0
3968,95232,0
3969,95256,0
3970,95280,0
3971,95304,0
3972,95328,0
3973,95352,0
3974,95376,0
3975,95400,0
3976,95424,0
3977,95448,0
3978,95472,0
3979,95496,0
3980,95520,0
3981,95544,0
3982,95568,0
3983,95592,0
3984,95616,0
3985,95640,0
3986,95664,0
3987,95688,0
3988,95712,0
3989,95736,0
3990,95760,0
3991,95784,0
3992,95808,0
3993,95832,0
3994,95856,0
3995,95880,0
3996,95904,0
3997,95928,0
3998,95952,0
3999,95976,0
4000,96000,0
4001,96024,0
4002,96048,0
4003,96072,0
4004,96096,0
4005,96120,0
4006,96144,0
4007,96168,0
4008,96192,0
4009,96216,0
4010,96240,0
4011,96264,0
4012,96288,0
4013,96312,0
4014,96336,0
4015,96360,0
4016,96384,0
4017,96408,0
4018,96432,0
4019,96456,0
4020,96480,0
4021,96504,0
4022,96528,0
4023,96552,0
4024,96576,0
4025,96600,0
4026,96624,0
4027,96648,0
4028,96672,0
4029,96696,0
4030,96720,0
4031,96744,0
4032,96768,0
4033,96792,0
4034,96816,0
4035,96840,0
4036,96864,0
4037,96888,0
4038,96912,0
4039,96936,0
4040,96960,0
4041,96984,0
4042,97008,0
4043,97032,0
4044,97056,0
4045,97080,0
4046,97104,0
4047,97128,0
4048,97152,0
4049,97176,0
4050,97200,0
4051,97224,0
4052,97248,0
4053,97272,0
4054,97296,0
4055,97320,0
4056,97344,0
4057,97368,0
4058,97392,0
4059,97416,0
4060,97440,0
4061,97464,0
4062,97488,0
4063,97512,0
4064,97536,0
4065,97560,0
4066,97584,0
4067,97608,0
4068,97632,0
4069,97656,0
4070,97680,0
4071,97704,0
4072,97728,0
4073,97752,0
4074,97776,0
4075,97800,0
4076,97824,0
4077,97848,0
4078,97872,0
4079,97896,0
4080,97920,0
4081,97944,0
4082,97968,0
4083,97992,0
4084,98016,0
4085,98040,0
4086,98064,0
4087,98088,0
4088,98112,0
4089,98136,0
4090,98160,0
4091,98184,0
4092,98208,0
4093,98232,0
4094,98256,0
4095,98280,0
4096,98304,0
4097,98328,0
4098,98352,0
4099,98376,0
4100,98400,0
4101,98424,0
4102,98448,0
4103,98472,0
4104,98496,0
4105,98520,0
4106,98544,0
4107,98568,0
4108,98592,0
4109,98616,0
4110,98640,0
4111,98664,0
4112,98688,0
4113,98712,0
4114,98736,0
4115,98760,0
4116,98784,0
4117,98808,0
4118,98832,0
4119,98856,0
4120,98880,0
4121,98904,0
4122,98928,0
4123,98952,0
4124,98976,0
4125,99000,0
4126,99024,0
4127,99048,0
4128,99072,0
4129,99096,0
4130,99120,0
4131,99144,0
4132,99168,0
4133,99192,0
4134,99216,0
4135,99240,0
4136,99264,0
4137,99288,0
4138,99312,0
4139,99336,0
4140,99360,0
4141,99384,0
4142,99408,0
4143,99432,0
4144,99456,0
4145,99480,0
4146,99504,0
4147,99528,0
4148,99552,0
4149,99576,0
4150,99600,0
4151,99624,0
4152,99648,0
4153,99672,0
4154,99696,0
4155,99720,0
4156,99744,0
4157,99768,0
4158,99792,0
4159,99816,0
4160,99840,0
4161,99864,0
4162,99888,0
4163,99912,0
4164,99936,0
4165,99960,0
4166,99984,0
4167,100008,0
4168,100032,0
4169,100056,0
4170,100080,0
4171,100104,0
4172,100128,0
4173,100152,0
4174,100176,0
4175,100200,0
4176,100224,0
4177,100248,0
4178,100272,0
4179,100296,0
4180,100320,0
4181,100344,0
4182,100368,0
4183,100392,0
4184,100416,0
4185,100440,0
4186,100464,0
4187,100488,0
4188,100512,0
4189,100536,0
4190,100560,0
4191,100584,0
4192,100608,0
4193,100632,0
4194,100656,0
4195,100680,0
4196,100704,0
4197,100728,0
4198,100752,0
4199,100776,0
4200,100800,0
4201,100824,0
4202,100848,0
4203,100872,0
4204,100896,0
4205,100920,0
4206,100944,0
4207,100968,0
4208,100992,0
4209,101016,0
4210,101040,0
4211,101064,0
4212,101088,0
4213,101112,0
4214,101136,0
4215,101160,0
4216,101184,0
4217,101208,0
4218,101232,0
4219,101256,0
4220,101280,0
4221,101304,0
4222,101328,0
4223,101352,0
4224,101376,0
4225,101400,0
4226,101424,0
4227,101448,0
4228,101472,0
4229,101496,0
4230,101520,0
4231,101544,0
4232,101568,0
4233,101592,0
4234,101616,0
4235,101640,0
4236,101664,0
4237,101688,0
4238,101712,0
4239,101736,0
4240,101760,0
4241,101784,0
4242,101808,0
4243,101832,0
4244,101856,0
4245,101880,0
4246,101904,0
4247,101928,0
4248,101952,0
4249,101976,0
4250,102000,0
4251,102024,0
4252,102048,0
4253,102072,0
4254,102096,0
4255,102120,0
4256,102144,0
4257,102168,0
4258,102192,0
4259,102216,0
4260,102240,0
4261,102264,0
4262,102288,0
4263,102312,0
4264,102336,0
4265,102360,0
4266,102384,0
4267,102408,0
4268,102432,0
4269,102456,0
4270,102480,0
4271,102504,0
4272,102528,0
4273,102552,0
4274,102576,0
4275,102600,0
4276,102624,0
4277,102648,0
4278,102672,0
4279,102696,0
4280,102720,0
4281,102744,0
4282,102768,0
4283,102792,0
4284,102816,0
4285,102840,0
4286,102864,0
4287,102888,0
4288,102912,0
4289,102936,0
4290,102960,0
4291,102984,0
4292,103008,0
4293,103032,0
4294,103056,0
4295,103080,0
4296,103104,0
4297,103128,0
4298,103152,0
4299,103176,0
4300,103200,0
4301,103224,0
4302,103248,0
4303,103272,0
4304,103296,0
4305,103320,0
4306,103344,0
4307,103368,0
4308,103392,0
4309,103416,0
4310,103440,0
4311,103464,0
4312,103488,0
4313,103512,0
4314,103536,0
4315,103560,0
4316,103584,0
4317,103608,0
4318,103632,0
4319,103656,0
4320,103680,0
4321,103704,0
4322,103728,0
4323,103752,0
4324,103776,0
4325,103800,0
4326,103824,0
4327,103848,0
4328,103872,0
4329,103896,0
4330,103920,0
4331,103944,0
4332,103968,0
4333,103992,0
4334,104016,0
4335,104040,0
4336,104064,0
4337,104088,0
4338,104112,0
4339,104136,0
4340,104160,0
4341,104184,0
4342,104208,0
4343,104232,0
4344,104256,0
4345,104280,0
4346,104304,0
4347,104328,0
4348,104352,0
4349,104376,0
4350,104400,0
4351,104424,0
4352,104448,0
4353,104472,0
4354,104496,0
4355,104520,0
4356,104544,0
4357,104568,0
4358,104592,0
4359,104616,0
4360,104640,0
4361,104664,0
4362,104688,0
4363,104712,0
4364,104736,0
4365,104760,0
4366,104784,0
4367,104808,0
4368,104832,0
4369,104856,0
4370,104880,0
4371,104904,0
4372,104928,0
4373,104952,0
4374,104976,0
4375,105000,0
4376,105024,0
4377,105048,0
4378,105072,0
4379,105096,0
4380,105120,0
4381,105144,0
4382,105168,0
4383,105192,0
4384,105216,0
4385,105240,0
4386,105264,0
4387,105288,0
4388,105312,0
4389,105336,0
4390,105360,0
4391,105384,0
4392,105408,0
4393,105432,0
4394,105456,0
4395,105480,0
4396,105504,0
4397,105528,0
4398,105552,0
4399,105576,0
4400,105600,0
4401,105624,0
4402,105648,0
4403,105672,0
4404,105696,0
4405,105720,1
4406,105744,0
4407,105768,0
4408,105792,0
4409,105816,0
4410,105840,0
4411,105864,0
4412,105888,0
4413,105912,0
4414,105936,0
4415,105960,0
4416,105984,0
4417,106008,0
4418,106032,0
4419,106056,0
4420,106080,0
4421,106104,0
4422,106128,0
4423,106152,0
4424,106176,0
4425,106200,0
4426,106224,0
4427,106248,0
4428,106272,0
4429,106296,0
4430,106320,0
4431,106344,0
4432,106368,0
4433,106392,0
4434,106416,0
4435,106440,0
4436,106464,0
4437,106488,0
4438,106512,0
4439,106536,0
4440,106560,0
4441,106584,0
4442,106608,0
4443,106632,0
4444,106656,1
4445,106680,0
4446,106704,0
4447,106728,0
4448,106752,0
4449,106776,0
4450,106800,0
4451,106824,0
4452,106848,0
4453,106872,0
4454,106896,0
4455,106920,0
4456,106944,0
4457,106968,0
4458,106992,0
4459,107016,0
4460,107040,0
4461,107064,0
4462,107088,0
4463,107112,0
4464,107136,0
4465,107160,0
4466,107184,0
4467,107208,0
4468,107232,0
4469,107256,0
4470,107280,1
4471,107304,1
4472,107328,0
4473,107352,0
4474,107376,0
4475,107400,0
4476,107424,0
4477,107448,0
4478,107472,0
4479,107496,0
4480,107520,0
4481,107544,0
4482,107568,0
4483,107592,0
4484,107616,0
4485,107640,0
4486,107664,0
4487,107688,0
4488,107712,0
4489,107736,0
4490,107760,0
4491,107784,0
4492,107808,0
4493,107832,0
4494,107856,0
4495,107880,0
4496,107904,0
4497,107928,0
4498,107952,0
4499,107976,0
4500,108000,0
4501,108024,0
4502,108048,0
4503,108072,0
4504,108096,0
4505,108120,0
4506,108144,0
4507,108168,0
4508,108192,0
4509,108216,0
4510,108240,0
4511,108264,0
4512,108288,0
4513,108312,0
4514,108336,0
4515,108360,0
4516,108384,0
4517,108408,0
4518,108432,0
4519,108456,0
4520,108480,0
4521,108504,0
4522,108528,0
4523,108552,0
4524,108576,0
4525,108600,0
4526,108624,0
4527,108648,0
4528,108672,0
4529,108696,0
4530,108720,0
4531,108744,0
4532,108768,0
4533,108792,0
4534,108816,0
4535,108840,0
4536,108864,0
4537,108888,0
4538,108912,0
4539,108936,0
4540,108960,0
4541,108984,0
4542,109008,0
4543,109032,0
4544,109056,0
4545,109080,0
4546,109104,0
4547,109128,0
4548,109152,0
4549,109176,0
4550,109200,0
4551,109224,0
4552,109248,0
4553,109272,0
4554,109296,0
4555,109320,0
4556,109344,0
4557,109368,0
4558,109392,0
4559,109416,0
4560,109440,0
4561,109464,0
4562,109488,0
4563,109512,0
4564,109536,0
4565,109560,0
4566,109584,0
4567,109608,0
4568,109632,0
4569,109656,0
4570,109680,0
4571,109704,0
4572,109728,0
4573,109752,0
4574,109776,0
4575,109800,0
4576,109824,0
4577,109848,0
4578,109872,0
4579,109896,0
4580,109920,0
4581,109944,0
4582,109968,0
4583,109992,0
4584,110016,0
4585,110040,0
4586,110064,0
4587,110088,0
4588,110112,0
4589,110136,0
4590,110160,0
4591,110184,0
4592,110208,0
4593,110232,0
4594,110256,0
4595,110280,0
4596,110304,0
4597,110328,0
4598,110352,0
4599,110376,0
4600,110400,0
4601,110424,0
4602,110448,0
4603,110472,0
4604,110496,0
4605,110520,0
4606,110544,0
4607,110568,0
4608,110592,0
4609,110616,0
4610,110640,0
4611,110664,0
4612,110688,0
4613,110712,0
4614,110736,0
4615,110760,0
4616,110784,0
4617,110808,0
4618,110832,0
4619,110856,0
4620,110880,0
4621,110904,0
4622,110928,0
4623,110952,0
4624,110976,0
4625,111000,0
4626,111024,0
4627,111048,0
4628,111072,0
4629,111096,0
4630,111120,0
4631,111144,0
4632,111168,0
4633,111192,0
4634,111216,0
4635,111240,0
4636,111264,0
4637,111288,0
4638,111312,0
4639,111336,0
4640,111360,0
4641,111384,0
4642,111408,0
4643,111432,0
4644,111456,0
4645,111480,0
4646,111504,0
4647,111528,0
4648,111552,0
4649,111576,0
4650,111600,0
4651,111624,0
4652,111648,0
4653,111672,0
4654,111696,0
4655,111720,0
4656,111744,0
4657,111768,0
4658,111792,0
4659,111816,0
4660,111840,0
4661,111864,0
4662,111888,0
4663,111912,0
4664,111936,0
4665,111960,0
4666,111984,0
4667,112008,0
4668,112032,0
4669,112056,0
4670,112080,0
4671,112104,0
4672,112128,0
4673,112152,0
4674,112176,0
4675,112200,0
4676,112224,0
4677,112248,0
4678,112272,0
4679,112296,0
4680,112320,0
4681,112344,0
4682,112368,0
4683,112392,0
4684,112416,0
4685,112440,0
4686,112464,0
4687,112488,0
4688,112512,0
4689,112536,0
4690,112560,0
4691,112584,0
4692,112608,0
4693,112632,0
4694,112656,0
4695,112680,0
4696,112704,0
4697,112728,0
4698,112752,0
4699,112776,0
4700,112800,0
4701,112824,0
4702,112848,0
4703,112872,0
4704,112896,0
4705,112920,0
4706,112944,0
4707,112968,0
4708,112992,0
4709,113016,0
4710,113040,0
4711,113064,0
4712,113088,0
4713,113112,0
4714,113136,0
4715,113160,0
4716,113184,0
4717,113208,0
4718,113232,0
4719,113256,0
4720,113280,0
4721,113304,0
4722,113328,0
4723,113352,0
4724,113376,0
4725,113400,0
4726,113424,0
4727,113448,0
4728,113472,0
4729,113496,0
4730,113520,0
4731,113544,0
4732,113568,0
4733,113592,0
4734,113616,0
4735,113640,0
4736,113664,0
4737,113688,0
4738,113712,0
4739,113736,0
4740,113760,0
4741,113784,0
4742,113808,0
4743,113832,0
4744,113856,0
4745,113880,0
4746,113904,0
4747,113928,0
4748,113952,0
4749,113976,0
4750,114000,0
4751,114024,0
4752,114048,0
4753,114072,0
4754,114096,0
4755,114120,0
4756,114144,0
4757,114168,0
4758,114192,0
4759,114216,0
4760,114240,0
4761,114264,0
4762,114288,0
4763,114312,0
4764,114336,0
4765,114360,0
4766,114384,0
4767,114408,0
4768,114432,0
4769,114456,0
4770,114480,0
4771,114504,0
4772,114528,0
4773,114552,0
4774,114576,0
4775,114600,0
4776,114624,0
4777,114648,0
4778,114672,0
4779,114696,0
4780,114720,0
4781,114744,0
4782,114768,0
4783,114792,0
4784,114816,0
4785,114840,0
4786,114864,0
4787,114888,0
4788,114912,0
4789,114936,0
4790,114960,0
4791,114984,0
4792,115008,0
4793,115032,0
4794,115056,0
4795,115080,0
4796,115104,0
4797,115128,0
4798,115152,0
4799,115176,0
4800,115200,0
4801,115224,0
4802,115248,0
4803,115272,0
4804,115296,0
4805,115320,0
4806,115344,0
4807,115368,0
4808,115392,0
4809,115416,0
4810,115440,0
4811,115464,0
4812,115488,0
4813,115512,0
4814,115536,0
4815,115560,0
4816,115584,0
4817,115608,0
4818,115632,0
4819,115656,0
4820,115680,0
4821,115704,0
4822,115728,0
4823,115752,0
4824,115776,0
4825,115800,0
4826,115824,0
4827,115848,0
4828,115872,0
4829,115896,0
4830,115920,0
4831,115944,0
4832,115968,0
4833,115992,0
4834,116016,0
4835,116040,0
4836,116064,0
4837,116088,0
4838,116112,0
4839,116136,0
4840,116160,0
4841,116184,0
4842,116208,0
4843,116232,0
4844,116256,0
4845,116280,0
4846,116304,0
4847,116328,0
4848,116352,0
4849,116376,0
4850,116400,0
4851,116424,0
4852,116448,0
4853,116472,0
4854,116496,0
4855,116520,0
4856,116544,0
4857,116568,0
4858,116592,0
4859,116616,0
4860,116640,0
4861,116664,0
4862,116688,0
4863,116712,0
4864,116736,0
4865,116760,0
4866,116784,0
4867,116808,0
4868,116832,0
4869,116856,0
4870,116880,0
4871,116904,0
4872,116928,0
4873,116952,0
4874,116976,0
4875,117000,0
4876,117024,0
4877,117048,0
4878,117072,1
4879,117096,1
4880,117120,0
4881,117144,0
4882,117168,1
4883,117192,0
4884,117216,0
4885,117240,0
4886,117264,0
4887,117288,0
4888,117312,0
4889,117336,0
4890,117360,0
4891,117384,0
4892,117408,0
4893,117432,0
4894,117456,0
4895,117480,0
4896,117504,0
4897,117528,0
4898,117552,0
4899,117576,0
4900,117600,0
4901,117624,0
4902,117648,0
4903,117672,0
4904,117696,0
4905,117720,0
4906,117744,0
4907,117768,0
4908,117792,0
4909,117816,0
4910,117840,0
4911,117864,0
4912,117888,0
4913,117912,0
4914,117936,1
4915,117960,0
4916,117984,0
4917,118008,0
4918,118032,0
4919,118056,0
4920,118080,0
4921,118104,0
4922,118128,0
4923,118152,0
4924,118176,0
4925,118200,0
4926,118224,0
4927,118248,0
4928,118272,0
4929,118296,0
4930,118320,0
4931,118344,0
4932,118368,0
4933,118392,0
4934,118416,0
4935,118440,0
4936,118464,0
4937,118488,0
4938,118512,0
4939,118536,0
4940,118560,0
4941,118584,0
4942,118608,0
4943,118632,0
4944,118656,0
4945,118680,0
4946,118704,0
4947,118728,0
4948,118752,0
4949,118776,0
4950,118800,0
4951,118824,0
4952,118848,0
4953,118872,0
4954,118896,0
4955,118920,0
4956,118944,0
4957,118968,0
4958,118992,0
4959,119016,0
4960,119040,0
4961,119064,0
4962,119088,0
4963,119112,0
4964,119136,0
4965,119160,0
4966,119184,0
4967,119208,0
4968,119232,0
4969,119256,0
4970,119280,0
4971,119304,0
4972,119328,0
4973,119352,0
4974,119376,0
4975,119400,0
4976,119424,0
4977,119448,0
4978,119472,0
4979,119496,0
4980,119520,0
4981,119544,0
4982,119568,0
4983,119592,0
4984,119616,0
4985,119640,0
4986,119664,0
4987,119688,0
4988,119712,0
4989,119736,0
4990,119760,0
4991,119784,0
4992,119808,0
4993,119832,0
4994,119856,0
4995,119880,0
4996,119904,0
4997,119928,0
4998,119952,0
4999,119976,0
5000,120000,0
5001,120024,0
5002,120048,0
5003,120072,0
5004,120096,0
5005,120120,0
5006,120144,0
5007,120168,0
5008,120192,0
5009,120216,0
5010,120240,0
5011,120264,0
5012,120288,0
5013,120312,0
5014,120336,0
5015,120360,0
5016,120384,0
5017,120408,0
5018,120432,0
5019,120456,0
5020,120480,0
5021,120504,0
5022,120528,0
5023,120552,0
5024,120576,0
5025,120600,0
5026,120624,0
5027,120648,0
5028,120672,0
5029,120696,0
5030,120720,0
5031,120744,0
5032,120768,0
5033,120792,0
5034,120816,0
5035,120840,0
5036,120864,0
5037,120888,0
5038,120912,0
5039,120936,0
5040,120960,0
5041,120984,0
5042,121008,0
5043,121032,0
5044,121056,0
5045,121080,0
5046,121104,0
5047,121128,0
5048,121152,0
5049,121176,0
5050,121200,0
5051,121224,0
5052,121248,0
5053,121272,0
5054,121296,0
5055,121320,0
5056,121344,0
5057,121368,0
5058,121392,0
5059,121416,0
5060,121440,0
5061,121464,0
5062,121488,0
5063,121512,0
5064,121536,0
5065,121560,0
5066,121584,0
5067,121608,0
5068,121632,0
5069,121656,0
5070,121680,0
5071,121704,0
5072,121728,0
5073,121752,0
5074,121776,0
5075,121800,0
5076,121824,0
5077,121848,0
5078,121872,0
5079,121896,0
5080,121920,0
5081,121944,0
5082,121968,0
5083,121992,0
5084,122016,0
5085,122040,0
5086,122064,0
5087,122088,0
5088,122112,0
5089,122136,0
5090,122160,0
5091,122184,0
5092,122208,0
5093,122232,0
5094,122256,0
5095,122280,0
5096,122304,0
5097,122328,0
5098,122352,0
5099,122376,0
5100,122400,0
5101,122424,0
5102,122448,0
5103,122472,0
5104,122496,0
5105,122520,0
5106,122544,0
5107,122568,0
5108,122592,0
5109,122616,0
5110,122640,0
5111,122664,0
5112,122688,0
5113,122712,0
5114,122736,0
5115,122760,0
5116,122784,0
5117,122808,0
5118,122832,0
5119,122856,0
5120,122880,0
5121,122904,0
5122,122928,0
5123,122952,0
5124,122976,0
5125,123000,0
5126,123024,0
5127,123048,0
5128,123072,0
5129,123096,0
5130,123120,0
5131,123144,0
5132,123168,0
5133,123192,0
5134,123216,0
5135,123240,0
5136,123264,0
5137,123288,0
5138,123312,0
5139,123336,0
5140,123360,0
5141,123384,0
5142,123408,0
5143,123432,0
5144,123456,0
5145,123480,0
5146,123504,0
5147,123528,0
5148,123552,0
5149,123576,0
5150,123600,0
5151,123624,0
5152,123648,0
5153,123672,0
5154,123696,0
5155,123720,0
5156,123744,0
5157,123768,0
5158,123792,0
5159,123816,0
5160,123840,0
5161,123864,0
5162,123888,0
5163,123912,0
5164,123936,0
5165,123960,0
5166,123984,0
5167,124008,0
5168,124032,0
5169,124056,0
5170,124080,0
5171,124104,0
5172,124128,0
5173,124152,0
5174,124176,0
5175,124200,0
5176,124224,0
5177,124248,0
5178,124272,0
5179,124296,0
5180,124320,0
5181,124344,0
5182,124368,0
5183,124392,0
5184,124416,0
5185,124440,0
5186,124464,0
5187,124488,0
5188,124512,0
5189,124536,0
5190,124560,0
5191,124584,0
5192,124608,0
5193,124632,0
5194,124656,0
5195,124680,0
5196,124704,0
5197,124728,0
5198,124752,0
5199,124776,0
5200,124800,0
5201,124824,0
5202,124848,0
5203,124872,0
5204,124896,0
5205,124920,0
5206,124944,0
5207,124968,0
5208,124992,0
5209,125016,0
5210,125040,0
5211,125064,0
5212,125088,0
5213,125112,0
5214,125136,0
5215,125160,0
5216,125184,0
5217,125208,0
5218,125232,0
5219,125256,0
5220,125280,0
5221,125304,0
5222,125328,0
5223,125352,0
5224,125376,0
5225,125400,0
5226,125424,0
5227,125448,0
5228,125472,0
5229,125496,0
5230,125520,0
5231,125544,0
5232,125568,0
5233,125592,0
5234,125616,0
5235,125640,0
5236,125664,0
5237,125688,0
5238,125712,0
5239,125736,0
5240,125760,0
5241,125784,0
5242,125808,0
5243,125832,0
5244,125856,0
5245,125880,0
5246,125904,0
5247,125928,0
5248,125952,0
5249,125976,0
5250,126000,0
5251,126024,0
5252,126048,0
5253,126072,0
5254,126096,0
5255,126120,0
5256,126144,0
5257,126168,0
5258,126192,0
5259,126216,0
5260,126240,0
5261,126264,0
5262,126288,0
5263,126312,0
5264,126336,0
5265,126360,0
5266,126384,0
5267,126408,0
5268,126432,0
5269,126456,0
5270,126480,1
5271,126504,0
5272,126528,0
5273,126552,0
5274,126576,0
5275,126600,0
5276,126624,0
5277,126648,0
5278,126672,0
5279,126696,0
5280,126720,0
5281,126744,0
5282,126768,0
5283,126792,0
5284,126816,0
5285,126840,0
5286,126864,0
5287,126888,0
5288,126912,0
5289,126936,0
5290,126960,0
5291,126984,0
5292,127008,0
5293,127032,0
5294,127056,0
5295,127080,0
5296,127104,0
5297,127128,0
5298,127152,0
5299,127176,0
5300,127200,0
5301,127224,0
5302,127248,0
5303,127272,0
5304,127296,0
5305,127320,0
5306,127344,0
5307,127368,0
5308,127392,0
5309,127416,0
5310,127440,0
5311,127464,0
5312,127488,0
5313,127512,0
5314,127536,0
5315,127560,0
5316,127584,0
5317,127608,0
5318,127632,0
5319,127656,0
5320,127680,0
5321,127704,0
5322,127728,0
5323,127752,0
5324,127776,0
5325,127800,0
5326,127824,0
5327,127848,0
5328,127872,0
5329,127896,0
5330,127920,0
5331,127944,0
5332,127968,0
5333,127992,0
5334,128016,0
5335,128040,0
5336,128064,0
5337,128088,0
5338,128112,0
5339,128136,0
5340,128160,0
5341,128184,0
5342,128208,0
5343,128232,0
5344,128256,0
5345,128280,0
5346,128304,0
5347,128328,0
5348,128352,0
5349,128376,0
5350,128400,0
5351,128424,0
5352,128448,0
5353,128472,0
5354,128496,0
5355,128520,0
5356,128544,0
5357,128568,0
5358,128592,0
5359,128616,0
5360,128640,0
5361,128664,0
5362,128688,0
5363,128712,0
5364,128736,0
5365,128760,0
5366,128784,0
5367,128808,0
5368,128832,0
5369,128856,0
5370,128880,0
5371,128904,0
5372,128928,0
5373,128952,0
5374,128976,0
5375,129000,0
5376,129024,0
5377,129048,0
5378,129072,0
5379,129096,0
5380,129120,0
5381,129144,0
5382,129168,0
5383,129192,0
5384,129216,0
5385,129240,0
5386,129264,0
5387,129288,0
5388,129312,0
5389,129336,0
5390,129360,0
5391,129384,0
5392,129408,0
5393,129432,0
5394,129456,0
5395,129480,0
5396,129504,0
5397,129528,0
5398,129552,0
5399,129576,0
5400,129600,0
5401,129624,0
5402,129648,0
5403,129672,0
5404,129696,0
5405,129720,0
5406,129744,0
5407,129768,0
5408,129792,0
5409,129816,0
5410,129840,0
5411,129864,0
5412,129888,0
5413,129912,0
5414,129936,0
5415,129960,0
5416,129984,0
5417,130008,0
5418,130032,0
5419,130056,0
5420,130080,0
5421,130104,0
5422,130128,0
5423,130152,0
5424,130176,0
5425,130200,0
5426,130224,0
5427,130248,0
5428,130272,0
5429,130296,0
5430,130320,0
5431,130344,0
5432,130368,0
5433,130392,0
5434,130416,0
5435,130440,0
5436,130464,0
5437,130488,0
5438,130512,0
5439,130536,0
5440,130560,0
5441,130584,0
5442,130608,0
5443,130632,0
5444,130656,0
5445,130680,0
5446,130704,0
5447,130728,0
5448,130752,0
5449,130776,0
5450,130800,0
5451,130824,0
5452,130848,0
5453,130872,0
5454,130896,0
5455,130920,0
5456,130944,0
5457,130968,0
5458,130992,0
5459,131016,0
5460,131040,0
5461,131064,0
5462,131088,0
5463,131112,0
5464,131136,0
5465,131160,0
5466,131184,0
5467,131208,0
5468,131232,0
5469,131256,0
5470,131280,0
5471,131304,0
5472,131328,0
5473,131352,0
5474,131376,0
5475,131400,0
5476,131424,0
5477,131448,0
5478,131472,0
5479,131496,0
5480,131520,0
5481,131544,0
5482,131568,0
5483,131592,0
5484,131616,0
5485,131640,0
5486,131664,0
5487,131688,0
5488,131712,0
5489,131736,0
5490,131760,0
5491,131784,0
5492,131808,0
5493,131832,0
5494,131856,0
5495,131880,0
5496,131904,0
5497,131928,0
5498,131952,0
5499,131976,0
5500,132000,0
5501,132024,0
5502,132048,0
5503,132072,0
5504,132096,0
5505,132120,0
5506,132144,0
5507,132168,0
5508,132192,0
5509,132216,0
5510,132240,0
5511,132264,0
5512,132288,0
5513,132312,0
5514,132336,0
5515,132360,0
5516,132384,0
5517,132408,0
5518,132432,0
5519,132456,0
5520,132480,0
5521,132504,0
5522,132528,0
5523,132552,0
5524,132576,0
5525,132600,0
5526,132624,0
5527,132648,0
5528,132672,0
5529,132696,0
5530,132720,0
5531,132744,0
5532,132768,0
5533,132792,0
5534,132816,0
5535,132840,0
5536,132864,0
5537,132888,0
5538,132912,0
5539,132936,0
5540,132960,0
5541,132984,0
5542,133008,0
5543,133032,0
5544,133056,0
5545,133080,0
5546,133104,0
5547,133128,0
5548,133152,0
5549,133176,0
5550,133200,0
5551,133224,0
5552,133248,0
5553,133272,0
5554,133296,0
5555,133320,0
5556,133344,0
5557,133368,0
5558,133392,0
5559,133416,0
5560,133440,0
5561,133464,0
5562,133488,0
5563,133512,0
5564,133536,0
5565,133560,0
5566,133584,0
5567,133608,0
5568,133632,0
5569,133656,0
5570,133680,0
5571,133704,0
5572,133728,0
5573,133752,0
5574,133776,0
5575,133800,0
5576,133824,0
5577,133848,0
5578,133872,0
5579,133896,0
5580,133920,0
5581,133944,0
5582,133968,0
5583,133992,0
5584,134016,0
5585,134040,0
5586,134064,0
5587,134088,0
5588,134112,0
5589,134136,0
5590,134160,0
5591,134184,0
5592,134208,0
5593,134232,0
5594,134256,0
5595,134280,0
5596,134304,0
5597,134328,0
5598,134352,0
5599,134376,0
5600,134400,0
5601,134424,0
5602,134448,0
5603,134472,0
5604,134496,0
5605,134520,0
5606,134544,0
5607,134568,0
5608,134592,0
5609,134616,0
5610,134640,0
5611,134664,0
5612,134688,0
5613,134712,0
5614,134736,0
5615,134760,0
5616,134784,0
5617,134808,0
5618,134832,0
5619,134856,0
5620,134880,0
5621,134904,0
5622,134928,0
5623,134952,0
5624,134976,0
5625,135000,0
5626,135024,0
5627,135048,0
5628,135072,0
5629,135096,0
5630,135120,0
5631,135144,0
5632,135168,0
5633,135192,0
5634,135216,0
5635,135240,0
5636,135264,0
5637,135288,0
5638,135312,0
5639,135336,0
5640,135360,0
5641,135384,0
5642,135408,0
5643,135432,0
5644,135456,0
5645,135480,0
5646,135504,0
5647,135528,0
5648,135552,0
5649,135576,0
5650,135600,0
5651,135624,0
5652,135648,0
5653,135672,0
5654,135696,0
5655,135720,0
5656,135744,0
5657,135768,0
5658,135792,0
5659,135816,0
5660,135840,0
5661,135864,0
5662,135888,0
5663,135912,0
5664,135936,0
5665,135960,0
5666,135984,0
5667,136008,0
5668,136032,0
5669,136056,0
5670,136080,0
5671,136104,0
5672,136128,0
5673,136152,0
5674,136176,0
5675,136200,0
5676,136224,0
5677,136248,0
5678,136272,0
5679,136296,0
5680,136320,0
5681,136344,0
5682,136368,0
5683,136392,0
5684,136416,0
5685,136440,0
5686,136464,0
5687,136488,0
5688,136512,0
5689,136536,0
5690,136560,0
5691,136584,0
5692,136608,0
5693,136632,0
5694,136656,0
5695,136680,0
5696,136704,0
5697,136728,0
5698,136752,0
5699,136776,0
5700,136800,0
5701,136824,0
5702,136848,0
5703,136872,0
5704,136896,0
5705,136920,0
5706,136944,0
5707,136968,0
5708,136992,0
5709,137016,0
5710,137040,0
5711,137064,0
5712,137088,0
5713,137112,0
5714,137136,0
5715,137160,0
5716,137184,0
5717,137208,0
5718,137232,0
5719,137256,0
5720,137280,0
5721,137304,0
5722,137328,0
5723,137352,0
5724,137376,0
5725,137400,0
5726,137424,0
5727,137448,0
5728,137472,0
5729,137496,0
5730,137520,0
5731,137544,0
5732,137568,0
5733,137592,0
5734,137616,0
5735,137640,0
5736,137664,0
5737,137688,0
5738,137712,0
5739,137736,0
5740,137760,0
5741,137784,0
5742,137808,0
5743,137832,0
5744,137856,0
5745,137880,0
5746,137904,0
5747,137928,0
5748,137952,0
5749,137976,0
5750,138000,0
5751,138024,0
5752,138048,0
5753,138072,0
5754,138096,0
5755,138120,0
5756,138144,0
5757,138168,0
5758,138192,0
5759,138216,0
5760,138240,0
5761,138264,0
5762,138288,0
5763,138312,0
5764,138336,0
5765,138360,0
5766,138384,0
5767,138408,0
5768,138432,0
5769,138456,0
5770,138480,0
5771,138504,0
5772,138528,1
5773,138552,0
5774,138576,1
5775,138600,1
5776,138624,1
5777,138648,1
5778,138672,0
5779,138696,0
5780,138720,0
5781,138744,0
5782,138768,0
5783,138792,0
5784,138816,0
5785,138840,0
5786,138864,0
5787,138888,0
5788,138912,0
5789,138936,0
5790,138960,0
5791,138984,0
5792,139008,0
5793,139032,0
5794,139056,0
5795,139080,0
5796,139104,0
5797,139128,0
5798,139152,0
5799,139176,0
5800,139200,0
5801,139224,0
5802,139248,0
5803,139272,0
5804,139296,0
5805,139320,0
5806,139344,0
5807,139368,0
5808,139392,0
5809,139416,0
5810,139440,0
5811,139464,0
5812,139488,0
5813,139512,0
5814,139536,0
5815,139560,0
5816,139584,0
5817,139608,0
5818,139632,0
5819,139656,0
5820,139680,0
5821,139704,0
5822,139728,0
5823,139752,0
5824,139776,0
5825,139800,0
5826,139824,0
5827,139848,0
5828,139872,0
5829,139896,0
5830,139920,0
5831,139944,0
5832,139968,0
5833,139992,0
5834,140016,0
5835,140040,0
5836,140064,0
5837,140088,0
5838,140112,0
5839,140136,0
5840,140160,0
5841,140184,0
5842,140208,0
5843,140232,0
5844,140256,0
5845,140280,0
5846,140304,0
5847,140328,0
5848,140352,0
5849,140376,0
5850,140400,0
5851,140424,0
5852,140448,0
5853,140472,0
5854,140496,0
5855,140520,0
5856,140544,0
5857,140568,0
5858,140592,0
5859,140616,0
5860,140640,0
5861,140664,0
5862,140688,0
5863,140712,0
5864,140736,0
5865,140760,0
5866,140784,0
5867,140808,0
5868,140832,0
5869,140856,0
5870,140880,0
5871,140904,0
5872,140928,0
5873,140952,0
5874,140976,0
5875,141000,0
5876,141024,0
5877,141048,0
5878,141072,0
5879,141096,0
5880,141120,0
5881,141144,0
5882,141168,0
5883,141192,0
5884,141216,0
5885,141240,0
5886,141264,0
5887,141288,0
5888,141312,0
5889,141336,0
5890,141360,0
5891,141384,0
5892,141408,0
5893,141432,0
5894,141456,0
5895,141480,0
5896,141504,0
5897,141528,0
5898,141552,0
5899,141576,0
5900,141600,0
5901,141624,0
5902,141648,0
5903,141672,0
5904,141696,0
5905,141720,0
5906,141744,0
5907,141768,0
5908,141792,0
5909,141816,0
5910,141840,0
5911,141864,0
5912,141888,0
5913,141912,0
5914,141936,0
5915,141960,0
5916,141984,0
5917,142008,0
5918,142032,0
5919,142056,0
5920,142080,0
5921,142104,0
5922,142128,0
5923,142152,0
5924,142176,0
5925,142200,0
5926,142224,0
5927,142248,0
5928,142272,0
5929,142296,0
5930,142320,0
5931,142344,0
5932,142368,0
5933,142392,0
5934,142416,0
5935,142440,0
5936,142464,0
5937,142488,0
5938,142512,0
5939,142536,0
5940,142560,0
5941,142584,0
5942,142608,0
5943,142632,0
5944,142656,0
5945,142680,0
5946,142704,0
5947,142728,0
5948,142752,0
5949,142776,0
5950,142800,0
5951,142824,0
5952,142848,0
5953,142872,0
5954,142896,0
5955,142920,0
5956,142944,0
5957,142968,0
5958,142992,0
5959,143016,0
5960,143040,0
5961,143064,0
5962,143088,0
5963,143112,0
5964,143136,0
5965,143160,0
5966,143184,0
5967,143208,0
5968,143232,0
5969,143256,0
5970,143280,0
5971,143304,0
5972,143328,0
5973,143352,0
5974,143376,0
5975,143400,0
5976,143424,0
5977,143448,0
5978,143472,0
5979,143496,0
5980,143520,0
5981,143544,0
5982,143568,0
5983,143592,0
5984,143616,0
5985,143640,0
5986,143664,0
5987,143688,0
5988,143712,0
5989,143736,0
5990,143760,0
5991,143784,0
5992,143808,0
5993,143832,0
5994,143856,0
5995,143880,0
5996,143904,0
5997,143928,0
5998,143952,0
5999,143976,0
6000,144000,0
6001,144024,0
6002,144048,0
6003,144072,0
6004,144096,0
6005,144120,0
6006,144144,0
6007,144168,0
6008,144192,0
6009,144216,0
6010,144240,0
6011,144264,0
6012,144288,0
6013,144312,0
6014,144336,0
6015,144360,0
6016,144384,0
6017,144408,0
6018,144432,0
6019,144456,0
6020,144480,0
6021,144504,0
6022,144528,0
6023,144552,0
6024,144576,0
6025,144600,0
6026,144624,0
6027,144648,0
6028,144672,0
6029,144696,0
6030,144720,0
6031,144744,0
6032,144768,0
6033,144792,0
6034,144816,0
6035,144840,0
6036,144864,0
6037,144888,0
6038,144912,0
6039,144936,0
6040,144960,0
6041,144984,0
6042,145008,0
6043,145032,0
6044,145056,0
6045,145080,0
6046,145104,0
6047,145128,0
6048,145152,0
6049,145176,0
6050,145200,0
6051,145224,0
6052,145248,0
6053,145272,0
6054,145296,0
6055,145320,0
6056,145344,0
6057,145368,0
6058,145392,0
6059,145416,0
6060,145440,0
6061,145464,0
6062,145488,0
6063,145512,0
6064,145536,0
6065,145560,0
6066,145584,0
6067,145608,0
6068,145632,0
6069,145656,0
6070,145680,0
6071,145704,0
6072,145728,0
6073,145752,0
6074,145776,0
6075,145800,0
6076,145824,0
6077,145848,0
6078,145872,0
6079,145896,0
6080,145920,0
6081,145944,0
6082,145968,0
6083,145992,0
6084,146016,0
6085,146040,0
6086,146064,0
6087,146088,0
6088,146112,0
6089,146136,0
6090,146160,0
6091,146184,0
6092,146208,0
6093,146232,0
6094,146256,0
6095,146280,0
6096,146304,0
6097,146328,0
6098,146352,0
6099,146376,0
6100,146400,0
6101,146424,0
6102,146448,0
6103,146472,0
6104,146496,0
6105,146520,0
6106,146544,0
6107,146568,0
6108,146592,0
6109,146616,0
6110,146640,0
6111,146664,0
6112,146688,0
6113,146712,0
6114,146736,0
6115,146760,0
6116,146784,0
6117,146808,0
6118,146832,0
6119,146856,0
6120,146880,0
6121,146904,0
6122,146928,0
6123,146952,0
6124,146976,0
6125,147000,0
6126,147024,0
6127,147048,0
6128,147072,0
6129,147096,0
6130,147120,0
6131,147144,0
6132,147168,0
6133,147192,0
6134,147216,0
6135,147240,0
6136,147264,0
6137,147288,0
6138,147312,0
6139,147336,0
6140,147360,0
6141,147384,0
6142,147408,0
6143,147432,0
6144,147456,0
6145,147480,0
6146,147504,0
6147,147528,0
6148,147552,0
6149,147576,0
6150,147600,0
6151,147624,0
6152,147648,0
6153,147672,0
6154,147696,0
6155,147720,0
6156,147744,0
6157,147768,0
6158,147792,0
6159,147816,0
6160,147840,0
