,frame_num,imdb_id,car
0,0,47479,0
1,24,47479,0
2,48,47479,0
3,72,47479,0
4,96,47479,0
5,120,47479,1
6,144,47479,1
7,168,47479,0
8,192,47479,0
9,216,47479,0
10,240,47479,0
11,264,47479,0
12,288,47479,0
13,312,47479,0
14,336,47479,0
15,360,47479,0
16,384,47479,0
17,408,47479,0
18,432,47479,0
19,456,47479,0
20,480,47479,0
21,504,47479,0
22,528,47479,0
23,552,47479,0
24,576,47479,0
25,600,47479,0
26,624,47479,0
27,648,47479,0
28,672,47479,0
29,696,47479,0
30,720,47479,0
31,744,47479,0
32,768,47479,0
33,792,47479,0
34,816,47479,0
35,840,47479,0
36,864,47479,0
37,888,47479,0
38,912,47479,0
39,936,47479,0
40,960,47479,0
41,984,47479,1
42,1008,47479,1
43,1032,47479,1
44,1056,47479,0
45,1080,47479,0
46,1104,47479,0
47,1128,47479,0
48,1152,47479,0
49,1176,47479,1
50,1200,47479,1
51,1224,47479,1
52,1248,47479,0
53,1272,47479,0
54,1296,47479,0
55,1320,47479,0
56,1344,47479,1
57,1368,47479,1
58,1392,47479,0
59,1416,47479,0
60,1440,47479,0
61,1464,47479,0
62,1488,47479,0
63,1512,47479,0
64,1536,47479,0
65,1560,47479,0
66,1584,47479,0
67,1608,47479,0
68,1632,47479,0
69,1656,47479,0
70,1680,47479,0
71,1704,47479,0
72,1728,47479,0
73,1752,47479,0
74,1776,47479,0
75,1800,47479,0
76,1824,47479,0
77,1848,47479,0
78,1872,47479,0
79,1896,47479,0
80,1920,47479,0
81,1944,47479,0
82,1968,47479,1
83,1992,47479,1
84,2016,47479,1
85,2040,47479,1
86,2064,47479,1
87,2088,47479,0
88,2112,47479,1
89,2136,47479,1
90,2160,47479,1
91,2184,47479,0
92,2208,47479,0
93,2232,47479,0
94,2256,47479,0
95,2280,47479,0
96,2304,47479,0
97,2328,47479,0
98,2352,47479,0
99,2376,47479,0
100,2400,47479,0
101,2424,47479,0
102,2448,47479,0
103,2472,47479,0
104,2496,47479,0
105,2520,47479,0
106,2544,47479,0
107,2568,47479,0
108,2592,47479,0
109,2616,47479,0
110,2640,47479,0
111,2664,47479,0
112,2688,47479,0
113,2712,47479,0
114,2736,47479,0
115,2760,47479,0
116,2784,47479,0
117,2808,47479,0
118,2832,47479,0
119,2856,47479,0
120,2880,47479,0
121,2904,47479,0
122,2928,47479,0
123,2952,47479,0
124,2976,47479,0
125,3000,47479,0
126,3024,47479,0
127,3048,47479,0
128,3072,47479,0
129,3096,47479,0
130,3120,47479,0
131,3144,47479,0
132,3168,47479,0
133,3192,47479,0
134,3216,47479,0
135,3240,47479,0
136,3264,47479,0
137,3288,47479,0
138,3312,47479,0
139,3336,47479,0
140,3360,47479,1
141,3384,47479,1
142,3408,47479,1
143,3432,47479,0
144,3456,47479,0
145,3480,47479,0
146,3504,47479,0
147,3528,47479,1
148,3552,47479,0
149,3576,47479,1
150,3600,47479,1
151,3624,47479,1
152,3648,47479,1
153,3672,47479,0
154,3696,47479,1
155,3720,47479,1
156,3744,47479,1
157,3768,47479,0
158,3792,47479,0
159,3816,47479,0
160,3840,47479,1
161,3864,47479,0
162,3888,47479,0
163,3912,47479,1
164,3936,47479,1
165,3960,47479,1
166,3984,47479,1
167,4008,47479,1
168,4032,47479,0
169,4056,47479,0
170,4080,47479,0
171,4104,47479,0
172,4128,47479,0
173,4152,47479,0
174,4176,47479,0
175,4200,47479,0
176,4224,47479,0
177,4248,47479,0
178,4272,47479,0
179,4296,47479,0
180,4320,47479,0
181,4344,47479,1
182,4368,47479,1
183,4392,47479,1
184,4416,47479,1
185,4440,47479,1
186,4464,47479,1
187,4488,47479,0
188,4512,47479,0
189,4536,47479,0
190,4560,47479,0
191,4584,47479,0
192,4608,47479,0
193,4632,47479,0
194,4656,47479,0
195,4680,47479,0
196,4704,47479,0
197,4728,47479,0
198,4752,47479,0
199,4776,47479,0
200,4800,47479,0
201,4824,47479,0
202,4848,47479,0
203,4872,47479,0
204,4896,47479,0
205,4920,47479,0
206,4944,47479,0
207,4968,47479,0
208,4992,47479,0
209,5016,47479,0
210,5040,47479,0
211,5064,47479,0
212,5088,47479,0
213,5112,47479,0
214,5136,47479,0
215,5160,47479,0
216,5184,47479,0
217,5208,47479,0
218,5232,47479,0
219,5256,47479,0
220,5280,47479,0
221,5304,47479,0
222,5328,47479,0
223,5352,47479,0
224,5376,47479,0
225,5400,47479,0
226,5424,47479,0
227,5448,47479,0
228,5472,47479,0
229,5496,47479,0
230,5520,47479,0
231,5544,47479,0
232,5568,47479,0
233,5592,47479,0
234,5616,47479,0
235,5640,47479,0
236,5664,47479,0
237,5688,47479,0
238,5712,47479,0
239,5736,47479,1
240,5760,47479,1
241,5784,47479,1
242,5808,47479,1
243,5832,47479,1
244,5856,47479,1
245,5880,47479,1
246,5904,47479,1
247,5928,47479,0
248,5952,47479,0
249,5976,47479,1
250,6000,47479,1
251,6024,47479,1
252,6048,47479,1
253,6072,47479,1
254,6096,47479,1
255,6120,47479,1
256,6144,47479,1
257,6168,47479,1
258,6192,47479,0
259,6216,47479,0
260,6240,47479,0
261,6264,47479,0
262,6288,47479,0
263,6312,47479,0
264,6336,47479,0
265,6360,47479,0
266,6384,47479,0
267,6408,47479,0
268,6432,47479,0
269,6456,47479,0
270,6480,47479,0
271,6504,47479,0
272,6528,47479,0
273,6552,47479,0
274,6576,47479,0
275,6600,47479,0
276,6624,47479,0
277,6648,47479,0
278,6672,47479,0
279,6696,47479,0
280,6720,47479,0
281,6744,47479,0
282,6768,47479,0
283,6792,47479,0
284,6816,47479,0
285,6840,47479,0
286,6864,47479,0
287,6888,47479,0
288,6912,47479,0
289,6936,47479,0
290,6960,47479,0
291,6984,47479,0
292,7008,47479,0
293,7032,47479,0
294,7056,47479,0
295,7080,47479,0
296,7104,47479,0
297,7128,47479,0
298,7152,47479,0
299,7176,47479,0
300,7200,47479,0
301,7224,47479,0
302,7248,47479,0
303,7272,47479,0
304,7296,47479,0
305,7320,47479,0
306,7344,47479,0
307,7368,47479,0
308,7392,47479,0
309,7416,47479,0
310,7440,47479,0
311,7464,47479,0
312,7488,47479,0
313,7512,47479,0
314,7536,47479,0
315,7560,47479,0
316,7584,47479,0
317,7608,47479,0
318,7632,47479,0
319,7656,47479,0
320,7680,47479,0
321,7704,47479,0
322,7728,47479,0
323,7752,47479,0
324,7776,47479,0
325,7800,47479,0
326,7824,47479,0
327,7848,47479,0
328,7872,47479,0
329,7896,47479,0
330,7920,47479,0
331,7944,47479,0
332,7968,47479,0
333,7992,47479,0
334,8016,47479,0
335,8040,47479,0
336,8064,47479,0
337,8088,47479,0
338,8112,47479,0
339,8136,47479,0
340,8160,47479,0
341,8184,47479,0
342,8208,47479,0
343,8232,47479,0
344,8256,47479,0
345,8280,47479,0
346,8304,47479,0
347,8328,47479,0
348,8352,47479,0
349,8376,47479,0
350,8400,47479,0
351,8424,47479,0
352,8448,47479,0
353,8472,47479,0
354,8496,47479,0
355,8520,47479,0
356,8544,47479,0
357,8568,47479,0
358,8592,47479,0
359,8616,47479,0
360,8640,47479,0
361,8664,47479,0
362,8688,47479,0
363,8712,47479,0
364,8736,47479,0
365,8760,47479,0
366,8784,47479,0
367,8808,47479,0
368,8832,47479,0
369,8856,47479,0
370,8880,47479,0
371,8904,47479,0
372,8928,47479,0
373,8952,47479,0
374,8976,47479,0
375,9000,47479,0
376,9024,47479,0
377,9048,47479,0
378,9072,47479,0
379,9096,47479,0
380,9120,47479,0
381,9144,47479,0
382,9168,47479,0
383,9192,47479,0
384,9216,47479,0
385,9240,47479,0
386,9264,47479,0
387,9288,47479,0
388,9312,47479,0
389,9336,47479,0
390,9360,47479,0
391,9384,47479,0
392,9408,47479,0
393,9432,47479,0
394,9456,47479,0
395,9480,47479,0
396,9504,47479,0
397,9528,47479,0
398,9552,47479,0
399,9576,47479,0
400,9600,47479,1
401,9624,47479,0
402,9648,47479,0
403,9672,47479,0
404,9696,47479,0
405,9720,47479,0
406,9744,47479,0
407,9768,47479,0
408,9792,47479,0
409,9816,47479,0
410,9840,47479,0
411,9864,47479,0
412,9888,47479,0
413,9912,47479,0
414,9936,47479,0
415,9960,47479,0
416,9984,47479,0
417,10008,47479,0
418,10032,47479,0
419,10056,47479,0
420,10080,47479,0
421,10104,47479,0
422,10128,47479,0
423,10152,47479,0
424,10176,47479,0
425,10200,47479,0
426,10224,47479,0
427,10248,47479,0
428,10272,47479,0
429,10296,47479,0
430,10320,47479,0
431,10344,47479,0
432,10368,47479,0
433,10392,47479,0
434,10416,47479,0
435,10440,47479,0
436,10464,47479,0
437,10488,47479,0
438,10512,47479,0
439,10536,47479,0
440,10560,47479,0
441,10584,47479,0
442,10608,47479,0
443,10632,47479,0
444,10656,47479,0
445,10680,47479,0
446,10704,47479,0
447,10728,47479,0
448,10752,47479,0
449,10776,47479,0
450,10800,47479,0
451,10824,47479,0
452,10848,47479,0
453,10872,47479,0
454,10896,47479,0
455,10920,47479,0
456,10944,47479,0
457,10968,47479,0
458,10992,47479,0
459,11016,47479,0
460,11040,47479,0
461,11064,47479,0
462,11088,47479,0
463,11112,47479,0
464,11136,47479,0
465,11160,47479,0
466,11184,47479,0
467,11208,47479,0
468,11232,47479,0
469,11256,47479,0
470,11280,47479,0
471,11304,47479,0
472,11328,47479,0
473,11352,47479,0
474,11376,47479,0
475,11400,47479,0
476,11424,47479,0
477,11448,47479,0
478,11472,47479,0
479,11496,47479,0
480,11520,47479,0
481,11544,47479,0
482,11568,47479,0
483,11592,47479,0
484,11616,47479,0
485,11640,47479,0
486,11664,47479,0
487,11688,47479,0
488,11712,47479,0
489,11736,47479,0
490,11760,47479,0
491,11784,47479,0
492,11808,47479,0
493,11832,47479,0
494,11856,47479,0
495,11880,47479,0
496,11904,47479,0
497,11928,47479,0
498,11952,47479,0
499,11976,47479,0
500,12000,47479,0
501,12024,47479,0
502,12048,47479,0
503,12072,47479,0
504,12096,47479,0
505,12120,47479,0
506,12144,47479,0
507,12168,47479,0
508,12192,47479,0
509,12216,47479,0
510,12240,47479,0
511,12264,47479,0
512,12288,47479,0
513,12312,47479,0
514,12336,47479,0
515,12360,47479,0
516,12384,47479,0
517,12408,47479,0
518,12432,47479,0
519,12456,47479,0
520,12480,47479,0
521,12504,47479,0
522,12528,47479,0
523,12552,47479,0
524,12576,47479,0
525,12600,47479,0
526,12624,47479,0
527,12648,47479,0
528,12672,47479,0
529,12696,47479,0
530,12720,47479,0
531,12744,47479,0
532,12768,47479,0
533,12792,47479,0
534,12816,47479,0
535,12840,47479,0
536,12864,47479,0
537,12888,47479,0
538,12912,47479,0
539,12936,47479,0
540,12960,47479,0
541,12984,47479,0
542,13008,47479,0
543,13032,47479,0
544,13056,47479,0
545,13080,47479,0
546,13104,47479,0
547,13128,47479,0
548,13152,47479,0
549,13176,47479,0
550,13200,47479,0
551,13224,47479,0
552,13248,47479,0
553,13272,47479,0
554,13296,47479,0
555,13320,47479,0
556,13344,47479,0
557,13368,47479,0
558,13392,47479,0
559,13416,47479,0
560,13440,47479,1
561,13464,47479,0
562,13488,47479,0
563,13512,47479,0
564,13536,47479,0
565,13560,47479,0
566,13584,47479,0
567,13608,47479,0
568,13632,47479,0
569,13656,47479,0
570,13680,47479,0
571,13704,47479,0
572,13728,47479,0
573,13752,47479,0
574,13776,47479,0
575,13800,47479,0
576,13824,47479,0
577,13848,47479,0
578,13872,47479,0
579,13896,47479,0
580,13920,47479,0
581,13944,47479,0
582,13968,47479,1
583,13992,47479,1
584,14016,47479,1
585,14040,47479,1
586,14064,47479,1
587,14088,47479,1
588,14112,47479,1
589,14136,47479,1
590,14160,47479,1
591,14184,47479,1
592,14208,47479,1
593,14232,47479,1
594,14256,47479,1
595,14280,47479,1
596,14304,47479,1
597,14328,47479,0
598,14352,47479,0
599,14376,47479,1
600,14400,47479,0
601,14424,47479,0
602,14448,47479,0
603,14472,47479,0
604,14496,47479,0
605,14520,47479,0
606,14544,47479,0
607,14568,47479,0
608,14592,47479,0
609,14616,47479,0
610,14640,47479,0
611,14664,47479,0
612,14688,47479,0
613,14712,47479,0
614,14736,47479,0
615,14760,47479,0
616,14784,47479,0
617,14808,47479,1
618,14832,47479,1
619,14856,47479,1
620,14880,47479,1
621,14904,47479,1
622,14928,47479,1
623,14952,47479,1
624,14976,47479,1
625,15000,47479,1
626,15024,47479,1
627,15048,47479,1
628,15072,47479,1
629,15096,47479,1
630,15120,47479,1
631,15144,47479,0
632,15168,47479,0
633,15192,47479,0
634,15216,47479,0
635,15240,47479,0
636,15264,47479,0
637,15288,47479,0
638,15312,47479,0
639,15336,47479,0
640,15360,47479,0
641,15384,47479,0
642,15408,47479,0
643,15432,47479,0
644,15456,47479,0
645,15480,47479,0
646,15504,47479,0
647,15528,47479,0
648,15552,47479,0
649,15576,47479,0
650,15600,47479,0
651,15624,47479,0
652,15648,47479,0
653,15672,47479,0
654,15696,47479,0
655,15720,47479,0
656,15744,47479,0
657,15768,47479,0
658,15792,47479,0
659,15816,47479,0
660,15840,47479,0
661,15864,47479,0
662,15888,47479,0
663,15912,47479,0
664,15936,47479,0
665,15960,47479,0
666,15984,47479,0
667,16008,47479,0
668,16032,47479,0
669,16056,47479,0
670,16080,47479,0
671,16104,47479,0
672,16128,47479,0
673,16152,47479,0
674,16176,47479,0
675,16200,47479,0
676,16224,47479,0
677,16248,47479,0
678,16272,47479,0
679,16296,47479,0
680,16320,47479,0
681,16344,47479,0
682,16368,47479,1
683,16392,47479,0
684,16416,47479,0
685,16440,47479,0
686,16464,47479,0
687,16488,47479,0
688,16512,47479,0
689,16536,47479,0
690,16560,47479,0
691,16584,47479,0
692,16608,47479,0
693,16632,47479,0
694,16656,47479,0
695,16680,47479,0
696,16704,47479,0
697,16728,47479,0
698,16752,47479,0
699,16776,47479,0
700,16800,47479,0
701,16824,47479,0
702,16848,47479,0
703,16872,47479,0
704,16896,47479,0
705,16920,47479,0
706,16944,47479,0
707,16968,47479,0
708,16992,47479,0
709,17016,47479,0
710,17040,47479,0
711,17064,47479,0
712,17088,47479,0
713,17112,47479,0
714,17136,47479,0
715,17160,47479,0
716,17184,47479,0
717,17208,47479,0
718,17232,47479,0
719,17256,47479,0
720,17280,47479,0
721,17304,47479,0
722,17328,47479,0
723,17352,47479,0
724,17376,47479,0
725,17400,47479,0
726,17424,47479,0
727,17448,47479,0
728,17472,47479,0
729,17496,47479,0
730,17520,47479,0
731,17544,47479,0
732,17568,47479,0
733,17592,47479,0
734,17616,47479,0
735,17640,47479,0
736,17664,47479,0
737,17688,47479,0
738,17712,47479,0
739,17736,47479,0
740,17760,47479,0
741,17784,47479,0
742,17808,47479,0
743,17832,47479,0
744,17856,47479,0
745,17880,47479,0
746,17904,47479,0
747,17928,47479,0
748,17952,47479,0
749,17976,47479,0
750,18000,47479,0
751,18024,47479,0
752,18048,47479,0
753,18072,47479,0
754,18096,47479,0
755,18120,47479,0
756,18144,47479,0
757,18168,47479,0
758,18192,47479,0
759,18216,47479,0
760,18240,47479,0
761,18264,47479,0
762,18288,47479,0
763,18312,47479,0
764,18336,47479,0
765,18360,47479,0
766,18384,47479,0
767,18408,47479,0
768,18432,47479,0
769,18456,47479,0
770,18480,47479,0
771,18504,47479,0
772,18528,47479,0
773,18552,47479,0
774,18576,47479,0
775,18600,47479,0
776,18624,47479,0
777,18648,47479,0
778,18672,47479,0
779,18696,47479,0
780,18720,47479,0
781,18744,47479,0
782,18768,47479,0
783,18792,47479,0
784,18816,47479,0
785,18840,47479,0
786,18864,47479,0
787,18888,47479,0
788,18912,47479,0
789,18936,47479,0
790,18960,47479,0
791,18984,47479,0
792,19008,47479,0
793,19032,47479,0
794,19056,47479,0
795,19080,47479,0
796,19104,47479,0
797,19128,47479,0
798,19152,47479,0
799,19176,47479,0
800,19200,47479,0
801,19224,47479,0
802,19248,47479,0
803,19272,47479,0
804,19296,47479,0
805,19320,47479,0
806,19344,47479,1
807,19368,47479,1
808,19392,47479,0
809,19416,47479,0
810,19440,47479,0
811,19464,47479,0
812,19488,47479,1
813,19512,47479,1
814,19536,47479,1
815,19560,47479,1
816,19584,47479,1
817,19608,47479,1
818,19632,47479,1
819,19656,47479,1
820,19680,47479,1
821,19704,47479,1
822,19728,47479,1
823,19752,47479,1
824,19776,47479,1
825,19800,47479,1
826,19824,47479,1
827,19848,47479,1
828,19872,47479,1
829,19896,47479,1
830,19920,47479,0
831,19944,47479,1
832,19968,47479,1
833,19992,47479,1
834,20016,47479,1
835,20040,47479,1
836,20064,47479,0
837,20088,47479,1
838,20112,47479,1
839,20136,47479,1
840,20160,47479,1
841,20184,47479,1
842,20208,47479,1
843,20232,47479,1
844,20256,47479,1
845,20280,47479,1
846,20304,47479,1
847,20328,47479,0
848,20352,47479,1
849,20376,47479,0
850,20400,47479,1
851,20424,47479,1
852,20448,47479,1
853,20472,47479,1
854,20496,47479,1
855,20520,47479,1
856,20544,47479,1
857,20568,47479,1
858,20592,47479,1
859,20616,47479,1
860,20640,47479,1
861,20664,47479,1
862,20688,47479,1
863,20712,47479,1
864,20736,47479,1
865,20760,47479,0
866,20784,47479,1
867,20808,47479,1
868,20832,47479,1
869,20856,47479,1
870,20880,47479,1
871,20904,47479,1
872,20928,47479,1
873,20952,47479,1
874,20976,47479,1
875,21000,47479,1
876,21024,47479,0
877,21048,47479,1
878,21072,47479,1
879,21096,47479,0
880,21120,47479,0
881,21144,47479,0
882,21168,47479,0
883,21192,47479,0
884,21216,47479,1
885,21240,47479,1
886,21264,47479,0
887,21288,47479,1
888,21312,47479,1
889,21336,47479,0
890,21360,47479,0
891,21384,47479,0
892,21408,47479,0
893,21432,47479,0
894,21456,47479,0
895,21480,47479,0
896,21504,47479,0
897,21528,47479,0
898,21552,47479,0
899,21576,47479,0
900,21600,47479,0
901,21624,47479,0
902,21648,47479,0
903,21672,47479,0
904,21696,47479,0
905,21720,47479,0
906,21744,47479,0
907,21768,47479,0
908,21792,47479,0
909,21816,47479,0
910,21840,47479,0
911,21864,47479,0
912,21888,47479,0
913,21912,47479,0
914,21936,47479,0
915,21960,47479,0
916,21984,47479,0
917,22008,47479,0
918,22032,47479,0
919,22056,47479,0
920,22080,47479,0
921,22104,47479,0
922,22128,47479,0
923,22152,47479,0
924,22176,47479,0
925,22200,47479,0
926,22224,47479,0
927,22248,47479,0
928,22272,47479,0
929,22296,47479,0
930,22320,47479,1
931,22344,47479,0
932,22368,47479,0
933,22392,47479,0
934,22416,47479,0
935,22440,47479,0
936,22464,47479,0
937,22488,47479,0
938,22512,47479,0
939,22536,47479,0
940,22560,47479,1
941,22584,47479,0
942,22608,47479,0
943,22632,47479,0
944,22656,47479,0
945,22680,47479,0
946,22704,47479,0
947,22728,47479,0
948,22752,47479,0
949,22776,47479,0
950,22800,47479,0
951,22824,47479,0
952,22848,47479,0
953,22872,47479,0
954,22896,47479,0
955,22920,47479,0
956,22944,47479,0
957,22968,47479,0
958,22992,47479,0
959,23016,47479,0
960,23040,47479,0
961,23064,47479,0
962,23088,47479,0
963,23112,47479,0
964,23136,47479,0
965,23160,47479,0
966,23184,47479,0
967,23208,47479,0
968,23232,47479,0
969,23256,47479,0
970,23280,47479,0
971,23304,47479,0
972,23328,47479,0
973,23352,47479,0
974,23376,47479,0
975,23400,47479,0
976,23424,47479,0
977,23448,47479,0
978,23472,47479,0
979,23496,47479,0
980,23520,47479,0
981,23544,47479,0
982,23568,47479,0
983,23592,47479,0
984,23616,47479,0
985,23640,47479,0
986,23664,47479,0
987,23688,47479,0
988,23712,47479,0
989,23736,47479,0
990,23760,47479,0
991,23784,47479,0
992,23808,47479,0
993,23832,47479,0
994,23856,47479,0
995,23880,47479,0
996,23904,47479,0
997,23928,47479,0
998,23952,47479,0
999,23976,47479,0
1000,24000,47479,0
1001,24024,47479,0
1002,24048,47479,0
1003,24072,47479,0
1004,24096,47479,0
1005,24120,47479,0
1006,24144,47479,0
1007,24168,47479,0
1008,24192,47479,0
1009,24216,47479,0
1010,24240,47479,0
1011,24264,47479,0
1012,24288,47479,0
1013,24312,47479,0
1014,24336,47479,0
1015,24360,47479,0
1016,24384,47479,0
1017,24408,47479,0
1018,24432,47479,0
1019,24456,47479,0
1020,24480,47479,0
1021,24504,47479,0
1022,24528,47479,0
1023,24552,47479,0
1024,24576,47479,0
1025,24600,47479,0
1026,24624,47479,0
1027,24648,47479,0
1028,24672,47479,0
1029,24696,47479,0
1030,24720,47479,0
1031,24744,47479,0
1032,24768,47479,0
1033,24792,47479,0
1034,24816,47479,0
1035,24840,47479,0
1036,24864,47479,0
1037,24888,47479,0
1038,24912,47479,0
1039,24936,47479,0
1040,24960,47479,0
1041,24984,47479,0
1042,25008,47479,0
1043,25032,47479,0
1044,25056,47479,0
1045,25080,47479,0
1046,25104,47479,0
1047,25128,47479,0
1048,25152,47479,0
1049,25176,47479,0
1050,25200,47479,0
1051,25224,47479,0
1052,25248,47479,0
1053,25272,47479,0
1054,25296,47479,0
1055,25320,47479,0
1056,25344,47479,0
1057,25368,47479,0
1058,25392,47479,0
1059,25416,47479,0
1060,25440,47479,0
1061,25464,47479,0
1062,25488,47479,0
1063,25512,47479,0
1064,25536,47479,0
1065,25560,47479,0
1066,25584,47479,0
1067,25608,47479,1
1068,25632,47479,0
1069,25656,47479,1
1070,25680,47479,1
1071,25704,47479,0
1072,25728,47479,0
1073,25752,47479,0
1074,25776,47479,0
1075,25800,47479,0
1076,25824,47479,0
1077,25848,47479,0
1078,25872,47479,0
1079,25896,47479,0
1080,25920,47479,0
1081,25944,47479,0
1082,25968,47479,1
1083,25992,47479,0
1084,26016,47479,0
1085,26040,47479,0
1086,26064,47479,0
1087,26088,47479,0
1088,26112,47479,0
1089,26136,47479,0
1090,26160,47479,0
1091,26184,47479,0
1092,26208,47479,0
1093,26232,47479,0
1094,26256,47479,0
1095,26280,47479,0
1096,26304,47479,0
1097,26328,47479,0
1098,26352,47479,0
1099,26376,47479,0
1100,26400,47479,0
1101,26424,47479,0
1102,26448,47479,0
1103,26472,47479,0
1104,26496,47479,0
1105,26520,47479,0
1106,26544,47479,0
1107,26568,47479,0
1108,26592,47479,0
1109,26616,47479,0
1110,26640,47479,0
1111,26664,47479,0
1112,26688,47479,0
1113,26712,47479,0
1114,26736,47479,0
1115,26760,47479,0
1116,26784,47479,0
1117,26808,47479,0
1118,26832,47479,0
1119,26856,47479,0
1120,26880,47479,0
1121,26904,47479,0
1122,26928,47479,0
1123,26952,47479,0
1124,26976,47479,0
1125,27000,47479,0
1126,27024,47479,0
1127,27048,47479,0
1128,27072,47479,0
1129,27096,47479,0
1130,27120,47479,0
1131,27144,47479,0
1132,27168,47479,0
1133,27192,47479,0
1134,27216,47479,0
1135,27240,47479,0
1136,27264,47479,0
1137,27288,47479,0
1138,27312,47479,0
1139,27336,47479,0
1140,27360,47479,0
1141,27384,47479,0
1142,27408,47479,0
1143,27432,47479,0
1144,27456,47479,0
1145,27480,47479,0
1146,27504,47479,0
1147,27528,47479,0
1148,27552,47479,0
1149,27576,47479,0
1150,27600,47479,0
1151,27624,47479,0
1152,27648,47479,0
1153,27672,47479,0
1154,27696,47479,0
1155,27720,47479,0
1156,27744,47479,0
1157,27768,47479,1
1158,27792,47479,1
1159,27816,47479,1
1160,27840,47479,1
1161,27864,47479,0
1162,27888,47479,0
1163,27912,47479,0
1164,27936,47479,0
1165,27960,47479,1
1166,27984,47479,1
1167,28008,47479,1
1168,28032,47479,1
1169,28056,47479,1
1170,28080,47479,1
1171,28104,47479,1
1172,28128,47479,1
1173,28152,47479,1
1174,28176,47479,1
1175,28200,47479,1
1176,28224,47479,1
1177,28248,47479,1
1178,28272,47479,1
1179,28296,47479,1
1180,28320,47479,1
1181,28344,47479,1
1182,28368,47479,1
1183,28392,47479,1
1184,28416,47479,1
1185,28440,47479,1
1186,28464,47479,1
1187,28488,47479,1
1188,28512,47479,0
1189,28536,47479,0
1190,28560,47479,0
1191,28584,47479,1
1192,28608,47479,1
1193,28632,47479,1
1194,28656,47479,1
1195,28680,47479,1
1196,28704,47479,1
1197,28728,47479,0
1198,28752,47479,1
1199,28776,47479,0
1200,28800,47479,0
1201,28824,47479,0
1202,28848,47479,0
1203,28872,47479,0
1204,28896,47479,0
1205,28920,47479,0
1206,28944,47479,0
1207,28968,47479,0
1208,28992,47479,0
1209,29016,47479,0
1210,29040,47479,0
1211,29064,47479,0
1212,29088,47479,0
1213,29112,47479,0
1214,29136,47479,0
1215,29160,47479,0
1216,29184,47479,0
1217,29208,47479,0
1218,29232,47479,0
1219,29256,47479,0
1220,29280,47479,0
1221,29304,47479,0
1222,29328,47479,0
1223,29352,47479,0
1224,29376,47479,1
1225,29400,47479,0
1226,29424,47479,0
1227,29448,47479,0
1228,29472,47479,0
1229,29496,47479,0
1230,29520,47479,0
1231,29544,47479,0
1232,29568,47479,0
1233,29592,47479,0
1234,29616,47479,0
1235,29640,47479,0
1236,29664,47479,0
1237,29688,47479,0
1238,29712,47479,0
1239,29736,47479,0
1240,29760,47479,0
1241,29784,47479,0
1242,29808,47479,0
1243,29832,47479,0
1244,29856,47479,0
1245,29880,47479,0
1246,29904,47479,0
1247,29928,47479,0
1248,29952,47479,0
1249,29976,47479,0
1250,30000,47479,0
1251,30024,47479,0
1252,30048,47479,0
1253,30072,47479,0
1254,30096,47479,0
1255,30120,47479,0
1256,30144,47479,1
1257,30168,47479,1
1258,30192,47479,0
1259,30216,47479,1
1260,30240,47479,1
1261,30264,47479,1
1262,30288,47479,1
1263,30312,47479,1
1264,30336,47479,1
1265,30360,47479,1
1266,30384,47479,1
1267,30408,47479,1
1268,30432,47479,1
1269,30456,47479,1
1270,30480,47479,1
1271,30504,47479,0
1272,30528,47479,0
1273,30552,47479,0
1274,30576,47479,0
1275,30600,47479,0
1276,30624,47479,0
1277,30648,47479,0
1278,30672,47479,0
1279,30696,47479,0
1280,30720,47479,0
1281,30744,47479,0
1282,30768,47479,0
1283,30792,47479,0
1284,30816,47479,0
1285,30840,47479,0
1286,30864,47479,0
1287,30888,47479,0
1288,30912,47479,0
1289,30936,47479,0
1290,30960,47479,0
1291,30984,47479,0
1292,31008,47479,0
1293,31032,47479,0
1294,31056,47479,0
1295,31080,47479,0
1296,31104,47479,0
1297,31128,47479,0
1298,31152,47479,0
1299,31176,47479,0
1300,31200,47479,0
1301,31224,47479,0
1302,31248,47479,0
1303,31272,47479,0
1304,31296,47479,0
1305,31320,47479,0
1306,31344,47479,0
1307,31368,47479,0
1308,31392,47479,0
1309,31416,47479,0
1310,31440,47479,0
1311,31464,47479,0
1312,31488,47479,0
1313,31512,47479,0
1314,31536,47479,0
1315,31560,47479,0
1316,31584,47479,0
1317,31608,47479,0
1318,31632,47479,0
1319,31656,47479,0
1320,31680,47479,0
1321,31704,47479,0
1322,31728,47479,0
1323,31752,47479,0
1324,31776,47479,1
1325,31800,47479,0
1326,31824,47479,0
1327,31848,47479,0
1328,31872,47479,0
1329,31896,47479,0
1330,31920,47479,0
1331,31944,47479,0
1332,31968,47479,0
1333,31992,47479,0
1334,32016,47479,0
1335,32040,47479,0
1336,32064,47479,0
1337,32088,47479,0
1338,32112,47479,0
1339,32136,47479,0
1340,32160,47479,0
1341,32184,47479,0
1342,32208,47479,0
1343,32232,47479,0
1344,32256,47479,0
1345,32280,47479,0
1346,32304,47479,0
1347,32328,47479,0
1348,32352,47479,0
1349,32376,47479,0
1350,32400,47479,0
1351,32424,47479,0
1352,32448,47479,0
1353,32472,47479,0
1354,32496,47479,0
1355,32520,47479,0
1356,32544,47479,0
1357,32568,47479,0
1358,32592,47479,0
1359,32616,47479,0
1360,32640,47479,0
1361,32664,47479,0
1362,32688,47479,0
1363,32712,47479,0
1364,32736,47479,0
1365,32760,47479,0
1366,32784,47479,0
1367,32808,47479,0
1368,32832,47479,0
1369,32856,47479,0
1370,32880,47479,0
1371,32904,47479,0
1372,32928,47479,0
1373,32952,47479,0
1374,32976,47479,0
1375,33000,47479,0
1376,33024,47479,0
1377,33048,47479,0
1378,33072,47479,0
1379,33096,47479,0
1380,33120,47479,0
1381,33144,47479,0
1382,33168,47479,0
1383,33192,47479,0
1384,33216,47479,0
1385,33240,47479,0
1386,33264,47479,0
1387,33288,47479,0
1388,33312,47479,0
1389,33336,47479,0
1390,33360,47479,0
1391,33384,47479,0
1392,33408,47479,0
1393,33432,47479,0
1394,33456,47479,0
1395,33480,47479,0
1396,33504,47479,0
1397,33528,47479,0
1398,33552,47479,0
1399,33576,47479,0
1400,33600,47479,0
1401,33624,47479,0
1402,33648,47479,0
1403,33672,47479,0
1404,33696,47479,0
1405,33720,47479,0
1406,33744,47479,0
1407,33768,47479,0
1408,33792,47479,0
1409,33816,47479,0
1410,33840,47479,0
1411,33864,47479,0
1412,33888,47479,0
1413,33912,47479,0
1414,33936,47479,0
1415,33960,47479,0
1416,33984,47479,0
1417,34008,47479,0
1418,34032,47479,0
1419,34056,47479,0
1420,34080,47479,0
1421,34104,47479,0
1422,34128,47479,0
1423,34152,47479,0
1424,34176,47479,0
1425,34200,47479,0
1426,34224,47479,0
1427,34248,47479,0
1428,34272,47479,0
1429,34296,47479,0
1430,34320,47479,0
1431,34344,47479,0
1432,34368,47479,0
1433,34392,47479,0
1434,34416,47479,0
1435,34440,47479,0
1436,34464,47479,0
1437,34488,47479,0
1438,34512,47479,0
1439,34536,47479,0
1440,34560,47479,0
1441,34584,47479,0
1442,34608,47479,0
1443,34632,47479,0
1444,34656,47479,0
1445,34680,47479,0
1446,34704,47479,0
1447,34728,47479,0
1448,34752,47479,0
1449,34776,47479,0
1450,34800,47479,0
1451,34824,47479,0
1452,34848,47479,0
1453,34872,47479,0
1454,34896,47479,0
1455,34920,47479,0
1456,34944,47479,0
1457,34968,47479,0
1458,34992,47479,0
1459,35016,47479,0
1460,35040,47479,0
1461,35064,47479,0
1462,35088,47479,0
1463,35112,47479,0
1464,35136,47479,0
1465,35160,47479,0
1466,35184,47479,0
1467,35208,47479,0
1468,35232,47479,0
1469,35256,47479,0
1470,35280,47479,0
1471,35304,47479,0
1472,35328,47479,0
1473,35352,47479,0
1474,35376,47479,0
1475,35400,47479,0
1476,35424,47479,0
1477,35448,47479,0
1478,35472,47479,0
1479,35496,47479,0
1480,35520,47479,0
1481,35544,47479,0
1482,35568,47479,0
1483,35592,47479,0
1484,35616,47479,0
1485,35640,47479,0
1486,35664,47479,0
1487,35688,47479,0
1488,35712,47479,0
1489,35736,47479,0
1490,35760,47479,0
1491,35784,47479,0
1492,35808,47479,0
1493,35832,47479,0
1494,35856,47479,0
1495,35880,47479,0
1496,35904,47479,0
1497,35928,47479,0
1498,35952,47479,0
1499,35976,47479,0
1500,36000,47479,0
1501,36024,47479,0
1502,36048,47479,0
1503,36072,47479,0
1504,36096,47479,0
1505,36120,47479,0
1506,36144,47479,0
1507,36168,47479,0
1508,36192,47479,0
1509,36216,47479,0
1510,36240,47479,0
1511,36264,47479,0
1512,36288,47479,0
1513,36312,47479,0
1514,36336,47479,0
1515,36360,47479,0
1516,36384,47479,0
1517,36408,47479,0
1518,36432,47479,0
1519,36456,47479,1
1520,36480,47479,1
1521,36504,47479,1
1522,36528,47479,1
1523,36552,47479,1
1524,36576,47479,0
1525,36600,47479,0
1526,36624,47479,0
1527,36648,47479,0
1528,36672,47479,1
1529,36696,47479,1
1530,36720,47479,1
1531,36744,47479,1
1532,36768,47479,1
1533,36792,47479,1
1534,36816,47479,1
1535,36840,47479,1
1536,36864,47479,1
1537,36888,47479,1
1538,36912,47479,1
1539,36936,47479,1
1540,36960,47479,1
1541,36984,47479,1
1542,37008,47479,1
1543,37032,47479,1
1544,37056,47479,1
1545,37080,47479,1
1546,37104,47479,1
1547,37128,47479,1
1548,37152,47479,1
1549,37176,47479,0
1550,37200,47479,0
1551,37224,47479,0
1552,37248,47479,0
1553,37272,47479,0
1554,37296,47479,0
1555,37320,47479,0
1556,37344,47479,0
1557,37368,47479,0
1558,37392,47479,0
1559,37416,47479,0
1560,37440,47479,0
1561,37464,47479,0
1562,37488,47479,0
1563,37512,47479,0
1564,37536,47479,0
1565,37560,47479,0
1566,37584,47479,0
1567,37608,47479,0
1568,37632,47479,1
1569,37656,47479,0
1570,37680,47479,1
1571,37704,47479,0
1572,37728,47479,0
1573,37752,47479,0
1574,37776,47479,1
1575,37800,47479,1
1576,37824,47479,1
1577,37848,47479,1
1578,37872,47479,0
1579,37896,47479,1
1580,37920,47479,0
1581,37944,47479,0
1582,37968,47479,0
1583,37992,47479,0
1584,38016,47479,0
1585,38040,47479,0
1586,38064,47479,0
1587,38088,47479,0
1588,38112,47479,0
1589,38136,47479,0
1590,38160,47479,0
1591,38184,47479,0
1592,38208,47479,0
1593,38232,47479,0
1594,38256,47479,0
1595,38280,47479,0
1596,38304,47479,0
1597,38328,47479,0
1598,38352,47479,0
1599,38376,47479,0
1600,38400,47479,0
1601,38424,47479,0
1602,38448,47479,0
1603,38472,47479,0
1604,38496,47479,0
1605,38520,47479,0
1606,38544,47479,0
1607,38568,47479,0
1608,38592,47479,0
1609,38616,47479,0
1610,38640,47479,0
1611,38664,47479,0
1612,38688,47479,0
1613,38712,47479,0
1614,38736,47479,0
1615,38760,47479,0
1616,38784,47479,0
1617,38808,47479,0
1618,38832,47479,0
1619,38856,47479,0
1620,38880,47479,0
1621,38904,47479,0
1622,38928,47479,1
1623,38952,47479,0
1624,38976,47479,0
1625,39000,47479,0
1626,39024,47479,0
1627,39048,47479,0
1628,39072,47479,0
1629,39096,47479,0
1630,39120,47479,0
1631,39144,47479,0
1632,39168,47479,0
1633,39192,47479,0
1634,39216,47479,0
1635,39240,47479,0
1636,39264,47479,0
1637,39288,47479,0
1638,39312,47479,0
1639,39336,47479,0
1640,39360,47479,0
1641,39384,47479,0
1642,39408,47479,0
1643,39432,47479,0
1644,39456,47479,0
1645,39480,47479,0
1646,39504,47479,0
1647,39528,47479,0
1648,39552,47479,0
1649,39576,47479,0
1650,39600,47479,0
1651,39624,47479,0
1652,39648,47479,0
1653,39672,47479,0
1654,39696,47479,0
1655,39720,47479,0
1656,39744,47479,0
1657,39768,47479,0
1658,39792,47479,0
1659,39816,47479,0
1660,39840,47479,0
1661,39864,47479,0
1662,39888,47479,0
1663,39912,47479,0
1664,39936,47479,0
1665,39960,47479,0
1666,39984,47479,0
1667,40008,47479,0
1668,40032,47479,0
1669,40056,47479,0
1670,40080,47479,0
1671,40104,47479,0
1672,40128,47479,0
1673,40152,47479,0
1674,40176,47479,0
1675,40200,47479,0
1676,40224,47479,0
1677,40248,47479,0
1678,40272,47479,0
1679,40296,47479,0
1680,40320,47479,0
1681,40344,47479,0
1682,40368,47479,0
1683,40392,47479,0
1684,40416,47479,0
1685,40440,47479,0
1686,40464,47479,0
1687,40488,47479,0
1688,40512,47479,0
1689,40536,47479,0
1690,40560,47479,0
1691,40584,47479,0
1692,40608,47479,0
1693,40632,47479,0
1694,40656,47479,0
1695,40680,47479,0
1696,40704,47479,0
1697,40728,47479,0
1698,40752,47479,0
1699,40776,47479,0
1700,40800,47479,0
1701,40824,47479,0
1702,40848,47479,0
1703,40872,47479,0
1704,40896,47479,0
1705,40920,47479,0
1706,40944,47479,0
1707,40968,47479,0
1708,40992,47479,0
1709,41016,47479,0
1710,41040,47479,0
1711,41064,47479,0
1712,41088,47479,0
1713,41112,47479,0
1714,41136,47479,0
1715,41160,47479,0
1716,41184,47479,0
1717,41208,47479,0
1718,41232,47479,0
1719,41256,47479,0
1720,41280,47479,0
1721,41304,47479,0
1722,41328,47479,0
1723,41352,47479,0
1724,41376,47479,0
1725,41400,47479,0
1726,41424,47479,0
1727,41448,47479,0
1728,41472,47479,0
1729,41496,47479,0
1730,41520,47479,0
1731,41544,47479,0
1732,41568,47479,0
1733,41592,47479,0
1734,41616,47479,0
1735,41640,47479,0
1736,41664,47479,0
1737,41688,47479,0
1738,41712,47479,0
1739,41736,47479,0
1740,41760,47479,0
1741,41784,47479,0
1742,41808,47479,0
1743,41832,47479,0
1744,41856,47479,0
1745,41880,47479,0
1746,41904,47479,0
1747,41928,47479,0
1748,41952,47479,0
1749,41976,47479,0
1750,42000,47479,0
1751,42024,47479,1
1752,42048,47479,1
1753,42072,47479,1
1754,42096,47479,0
1755,42120,47479,0
1756,42144,47479,0
1757,42168,47479,0
1758,42192,47479,0
1759,42216,47479,0
1760,42240,47479,0
1761,42264,47479,0
1762,42288,47479,0
1763,42312,47479,0
1764,42336,47479,0
1765,42360,47479,0
1766,42384,47479,0
1767,42408,47479,0
1768,42432,47479,0
1769,42456,47479,0
1770,42480,47479,0
1771,42504,47479,0
1772,42528,47479,0
1773,42552,47479,0
1774,42576,47479,0
1775,42600,47479,0
1776,42624,47479,0
1777,42648,47479,0
1778,42672,47479,0
1779,42696,47479,0
1780,42720,47479,0
1781,42744,47479,0
1782,42768,47479,0
1783,42792,47479,0
1784,42816,47479,0
1785,42840,47479,0
1786,42864,47479,0
1787,42888,47479,0
1788,42912,47479,0
1789,42936,47479,0
1790,42960,47479,0
1791,42984,47479,0
1792,43008,47479,0
1793,43032,47479,0
1794,43056,47479,0
1795,43080,47479,0
1796,43104,47479,0
1797,43128,47479,0
1798,43152,47479,0
1799,43176,47479,0
1800,43200,47479,0
1801,43224,47479,0
1802,43248,47479,0
1803,43272,47479,0
1804,43296,47479,0
1805,43320,47479,0
1806,43344,47479,0
1807,43368,47479,0
1808,43392,47479,0
1809,43416,47479,0
1810,43440,47479,0
1811,43464,47479,0
1812,43488,47479,0
1813,43512,47479,0
1814,43536,47479,0
1815,43560,47479,0
1816,43584,47479,0
1817,43608,47479,0
1818,43632,47479,0
1819,43656,47479,0
1820,43680,47479,0
1821,43704,47479,0
1822,43728,47479,0
1823,43752,47479,0
1824,43776,47479,0
1825,43800,47479,0
1826,43824,47479,0
1827,43848,47479,0
1828,43872,47479,0
1829,43896,47479,0
1830,43920,47479,0
1831,43944,47479,0
1832,43968,47479,0
1833,43992,47479,0
1834,44016,47479,0
1835,44040,47479,0
1836,44064,47479,0
1837,44088,47479,0
1838,44112,47479,0
1839,44136,47479,0
1840,44160,47479,0
1841,44184,47479,0
1842,44208,47479,0
1843,44232,47479,0
1844,44256,47479,0
1845,44280,47479,0
1846,44304,47479,0
1847,44328,47479,0
1848,44352,47479,0
1849,44376,47479,0
1850,44400,47479,0
1851,44424,47479,0
1852,44448,47479,0
1853,44472,47479,0
1854,44496,47479,0
1855,44520,47479,0
1856,44544,47479,0
1857,44568,47479,0
1858,44592,47479,0
1859,44616,47479,0
1860,44640,47479,0
1861,44664,47479,0
1862,44688,47479,0
1863,44712,47479,0
1864,44736,47479,0
1865,44760,47479,0
1866,44784,47479,0
1867,44808,47479,0
1868,44832,47479,0
1869,44856,47479,0
1870,44880,47479,0
1871,44904,47479,0
1872,44928,47479,0
1873,44952,47479,0
1874,44976,47479,0
1875,45000,47479,0
1876,45024,47479,0
1877,45048,47479,0
1878,45072,47479,0
1879,45096,47479,0
1880,45120,47479,0
1881,45144,47479,0
1882,45168,47479,0
1883,45192,47479,0
1884,45216,47479,0
1885,45240,47479,0
1886,45264,47479,0
1887,45288,47479,0
1888,45312,47479,0
1889,45336,47479,0
1890,45360,47479,0
1891,45384,47479,0
1892,45408,47479,0
1893,45432,47479,0
1894,45456,47479,0
1895,45480,47479,0
1896,45504,47479,0
1897,45528,47479,0
1898,45552,47479,0
1899,45576,47479,0
1900,45600,47479,0
1901,45624,47479,0
1902,45648,47479,0
1903,45672,47479,0
1904,45696,47479,0
1905,45720,47479,1
1906,45744,47479,0
1907,45768,47479,0
1908,45792,47479,0
1909,45816,47479,0
1910,45840,47479,0
1911,45864,47479,0
1912,45888,47479,0
1913,45912,47479,0
1914,45936,47479,0
1915,45960,47479,0
1916,45984,47479,0
1917,46008,47479,0
1918,46032,47479,0
1919,46056,47479,0
1920,46080,47479,0
1921,46104,47479,0
1922,46128,47479,0
1923,46152,47479,0
1924,46176,47479,0
1925,46200,47479,0
1926,46224,47479,0
1927,46248,47479,0
1928,46272,47479,0
1929,46296,47479,0
1930,46320,47479,1
1931,46344,47479,0
1932,46368,47479,0
1933,46392,47479,0
1934,46416,47479,0
1935,46440,47479,0
1936,46464,47479,0
1937,46488,47479,0
1938,46512,47479,0
1939,46536,47479,0
1940,46560,47479,0
1941,46584,47479,1
1942,46608,47479,1
1943,46632,47479,1
1944,46656,47479,1
1945,46680,47479,1
1946,46704,47479,1
1947,46728,47479,1
1948,46752,47479,1
1949,46776,47479,1
1950,46800,47479,1
1951,46824,47479,1
1952,46848,47479,0
1953,46872,47479,0
1954,46896,47479,0
1955,46920,47479,0
1956,46944,47479,0
1957,46968,47479,0
1958,46992,47479,0
1959,47016,47479,0
1960,47040,47479,0
1961,47064,47479,0
1962,47088,47479,0
1963,47112,47479,0
1964,47136,47479,0
1965,47160,47479,0
1966,47184,47479,0
1967,47208,47479,0
1968,47232,47479,1
1969,47256,47479,0
1970,47280,47479,0
1971,47304,47479,0
1972,47328,47479,0
1973,47352,47479,0
1974,47376,47479,1
1975,47400,47479,0
1976,47424,47479,0
1977,47448,47479,1
1978,47472,47479,0
1979,47496,47479,1
1980,47520,47479,1
1981,47544,47479,0
1982,47568,47479,0
1983,47592,47479,0
1984,47616,47479,0
1985,47640,47479,0
1986,47664,47479,0
1987,47688,47479,0
1988,47712,47479,0
1989,47736,47479,0
1990,47760,47479,0
1991,47784,47479,0
1992,47808,47479,0
1993,47832,47479,0
1994,47856,47479,0
1995,47880,47479,0
1996,47904,47479,0
1997,47928,47479,1
1998,47952,47479,1
1999,47976,47479,1
2000,48000,47479,1
2001,48024,47479,1
2002,48048,47479,1
2003,48072,47479,1
2004,48096,47479,1
2005,48120,47479,1
2006,48144,47479,1
2007,48168,47479,1
2008,48192,47479,1
2009,48216,47479,1
2010,48240,47479,1
2011,48264,47479,1
2012,48288,47479,1
2013,48312,47479,1
2014,48336,47479,1
2015,48360,47479,1
2016,48384,47479,1
2017,48408,47479,0
2018,48432,47479,0
2019,48456,47479,0
2020,48480,47479,1
2021,48504,47479,0
2022,48528,47479,0
2023,48552,47479,0
2024,48576,47479,0
2025,48600,47479,0
2026,48624,47479,0
2027,48648,47479,0
2028,48672,47479,0
2029,48696,47479,0
2030,48720,47479,0
2031,48744,47479,0
2032,48768,47479,1
2033,48792,47479,1
2034,48816,47479,1
2035,48840,47479,1
2036,48864,47479,1
2037,48888,47479,1
2038,48912,47479,1
2039,48936,47479,1
2040,48960,47479,1
2041,48984,47479,1
2042,49008,47479,1
2043,49032,47479,1
2044,49056,47479,1
2045,49080,47479,1
2046,49104,47479,1
2047,49128,47479,1
2048,49152,47479,1
2049,49176,47479,1
2050,49200,47479,1
2051,49224,47479,1
2052,49248,47479,1
2053,49272,47479,1
2054,49296,47479,1
2055,49320,47479,0
2056,49344,47479,0
2057,49368,47479,0
2058,49392,47479,0
2059,49416,47479,0
2060,49440,47479,0
2061,49464,47479,0
2062,49488,47479,0
2063,49512,47479,0
2064,49536,47479,0
2065,49560,47479,0
2066,49584,47479,0
2067,49608,47479,0
2068,49632,47479,0
2069,49656,47479,0
2070,49680,47479,0
2071,49704,47479,0
2072,49728,47479,0
2073,49752,47479,0
2074,49776,47479,0
2075,49800,47479,0
2076,49824,47479,0
2077,49848,47479,0
2078,49872,47479,0
2079,49896,47479,0
2080,49920,47479,0
2081,49944,47479,0
2082,49968,47479,0
2083,49992,47479,0
2084,50016,47479,0
2085,50040,47479,0
2086,50064,47479,0
2087,50088,47479,0
2088,50112,47479,0
2089,50136,47479,0
2090,50160,47479,0
2091,50184,47479,0
2092,50208,47479,1
2093,50232,47479,0
2094,50256,47479,0
2095,50280,47479,0
2096,50304,47479,0
2097,50328,47479,0
2098,50352,47479,0
2099,50376,47479,1
2100,50400,47479,1
2101,50424,47479,0
2102,50448,47479,0
2103,50472,47479,0
2104,50496,47479,0
2105,50520,47479,1
2106,50544,47479,0
2107,50568,47479,0
2108,50592,47479,0
2109,50616,47479,0
2110,50640,47479,0
2111,50664,47479,0
2112,50688,47479,0
2113,50712,47479,0
2114,50736,47479,0
2115,50760,47479,0
2116,50784,47479,0
2117,50808,47479,0
2118,50832,47479,0
2119,50856,47479,0
2120,50880,47479,0
2121,50904,47479,0
2122,50928,47479,0
2123,50952,47479,0
2124,50976,47479,0
2125,51000,47479,0
2126,51024,47479,0
2127,51048,47479,0
2128,51072,47479,0
2129,51096,47479,0
2130,51120,47479,0
2131,51144,47479,0
2132,51168,47479,0
2133,51192,47479,0
2134,51216,47479,0
2135,51240,47479,0
2136,51264,47479,0
2137,51288,47479,0
2138,51312,47479,0
2139,51336,47479,0
2140,51360,47479,0
2141,51384,47479,0
2142,51408,47479,0
2143,51432,47479,0
2144,51456,47479,0
2145,51480,47479,0
2146,51504,47479,0
2147,51528,47479,0
2148,51552,47479,0
2149,51576,47479,0
2150,51600,47479,0
2151,51624,47479,0
2152,51648,47479,0
2153,51672,47479,0
2154,51696,47479,0
2155,51720,47479,0
2156,51744,47479,0
2157,51768,47479,0
2158,51792,47479,0
2159,51816,47479,0
2160,51840,47479,0
2161,51864,47479,0
2162,51888,47479,0
2163,51912,47479,0
2164,51936,47479,0
2165,51960,47479,0
2166,51984,47479,0
2167,52008,47479,0
2168,52032,47479,0
2169,52056,47479,0
2170,52080,47479,0
2171,52104,47479,0
2172,52128,47479,0
2173,52152,47479,0
2174,52176,47479,0
2175,52200,47479,0
2176,52224,47479,0
2177,52248,47479,0
2178,52272,47479,0
2179,52296,47479,0
2180,52320,47479,0
2181,52344,47479,0
2182,52368,47479,0
2183,52392,47479,0
2184,52416,47479,0
2185,52440,47479,0
2186,52464,47479,0
2187,52488,47479,0
2188,52512,47479,0
2189,52536,47479,0
2190,52560,47479,0
2191,52584,47479,0
2192,52608,47479,0
2193,52632,47479,0
2194,52656,47479,0
2195,52680,47479,0
2196,52704,47479,0
2197,52728,47479,0
2198,52752,47479,0
2199,52776,47479,0
2200,52800,47479,0
2201,52824,47479,0
2202,52848,47479,0
2203,52872,47479,0
2204,52896,47479,0
2205,52920,47479,0
2206,52944,47479,0
2207,52968,47479,0
2208,52992,47479,0
2209,53016,47479,0
2210,53040,47479,0
2211,53064,47479,0
2212,53088,47479,0
2213,53112,47479,0
2214,53136,47479,0
2215,53160,47479,0
2216,53184,47479,0
2217,53208,47479,0
2218,53232,47479,0
2219,53256,47479,0
2220,53280,47479,0
2221,53304,47479,0
2222,53328,47479,0
2223,53352,47479,0
2224,53376,47479,0
2225,53400,47479,0
2226,53424,47479,0
2227,53448,47479,0
2228,53472,47479,0
2229,53496,47479,0
2230,53520,47479,0
2231,53544,47479,0
2232,53568,47479,0
2233,53592,47479,0
2234,53616,47479,0
2235,53640,47479,0
2236,53664,47479,0
2237,53688,47479,0
2238,53712,47479,0
2239,53736,47479,0
2240,53760,47479,0
2241,53784,47479,0
2242,53808,47479,0
2243,53832,47479,0
2244,53856,47479,0
2245,53880,47479,0
2246,53904,47479,0
2247,53928,47479,0
2248,53952,47479,0
2249,53976,47479,0
2250,54000,47479,0
2251,54024,47479,0
2252,54048,47479,0
2253,54072,47479,0
2254,54096,47479,0
2255,54120,47479,0
2256,54144,47479,0
2257,54168,47479,0
2258,54192,47479,0
2259,54216,47479,0
2260,54240,47479,0
2261,54264,47479,0
2262,54288,47479,0
2263,54312,47479,0
2264,54336,47479,0
2265,54360,47479,0
2266,54384,47479,0
2267,54408,47479,0
2268,54432,47479,0
2269,54456,47479,0
2270,54480,47479,0
2271,54504,47479,0
2272,54528,47479,0
2273,54552,47479,0
2274,54576,47479,0
2275,54600,47479,0
2276,54624,47479,0
2277,54648,47479,0
2278,54672,47479,0
2279,54696,47479,0
2280,54720,47479,0
2281,54744,47479,0
2282,54768,47479,0
2283,54792,47479,0
2284,54816,47479,0
2285,54840,47479,0
2286,54864,47479,0
2287,54888,47479,0
2288,54912,47479,0
2289,54936,47479,0
2290,54960,47479,0
2291,54984,47479,0
2292,55008,47479,0
2293,55032,47479,0
2294,55056,47479,0
2295,55080,47479,0
2296,55104,47479,1
2297,55128,47479,1
2298,55152,47479,1
2299,55176,47479,1
2300,55200,47479,0
2301,55224,47479,0
2302,55248,47479,0
2303,55272,47479,1
2304,55296,47479,1
2305,55320,47479,1
2306,55344,47479,0
2307,55368,47479,0
2308,55392,47479,0
2309,55416,47479,0
2310,55440,47479,0
2311,55464,47479,0
2312,55488,47479,0
2313,55512,47479,0
2314,55536,47479,0
2315,55560,47479,0
2316,55584,47479,0
2317,55608,47479,0
2318,55632,47479,0
2319,55656,47479,0
2320,55680,47479,0
2321,55704,47479,0
2322,55728,47479,0
2323,55752,47479,0
2324,55776,47479,0
2325,55800,47479,0
2326,55824,47479,0
2327,55848,47479,0
2328,55872,47479,0
2329,55896,47479,0
2330,55920,47479,0
2331,55944,47479,0
2332,55968,47479,0
2333,55992,47479,0
2334,56016,47479,0
2335,56040,47479,0
2336,56064,47479,0
2337,56088,47479,0
2338,56112,47479,0
2339,56136,47479,0
2340,56160,47479,0
2341,56184,47479,0
2342,56208,47479,0
2343,56232,47479,0
2344,56256,47479,0
2345,56280,47479,0
2346,56304,47479,0
2347,56328,47479,0
2348,56352,47479,0
2349,56376,47479,0
2350,56400,47479,0
2351,56424,47479,0
2352,56448,47479,0
2353,56472,47479,0
2354,56496,47479,0
2355,56520,47479,0
2356,56544,47479,0
2357,56568,47479,0
2358,56592,47479,0
2359,56616,47479,0
2360,56640,47479,0
2361,56664,47479,0
2362,56688,47479,0
2363,56712,47479,0
2364,56736,47479,0
2365,56760,47479,0
2366,56784,47479,0
2367,56808,47479,0
2368,56832,47479,0
2369,56856,47479,0
2370,56880,47479,0
2371,56904,47479,0
2372,56928,47479,0
2373,56952,47479,0
2374,56976,47479,0
2375,57000,47479,0
2376,57024,47479,0
2377,57048,47479,0
2378,57072,47479,0
2379,57096,47479,0
2380,57120,47479,0
2381,57144,47479,0
2382,57168,47479,0
2383,57192,47479,0
2384,57216,47479,0
2385,57240,47479,0
2386,57264,47479,0
2387,57288,47479,0
2388,57312,47479,0
2389,57336,47479,0
2390,57360,47479,0
2391,57384,47479,1
2392,57408,47479,0
2393,57432,47479,0
2394,57456,47479,0
2395,57480,47479,0
2396,57504,47479,0
2397,57528,47479,0
2398,57552,47479,0
2399,57576,47479,0
2400,57600,47479,0
2401,57624,47479,1
2402,57648,47479,0
2403,57672,47479,0
2404,57696,47479,0
2405,57720,47479,0
2406,57744,47479,0
2407,57768,47479,0
2408,57792,47479,0
2409,57816,47479,0
2410,57840,47479,0
2411,57864,47479,0
2412,57888,47479,0
2413,57912,47479,0
2414,57936,47479,0
2415,57960,47479,0
2416,57984,47479,0
2417,58008,47479,0
2418,58032,47479,0
2419,58056,47479,0
2420,58080,47479,0
2421,58104,47479,0
2422,58128,47479,0
2423,58152,47479,0
2424,58176,47479,0
2425,58200,47479,0
2426,58224,47479,0
2427,58248,47479,0
2428,58272,47479,0
2429,58296,47479,0
2430,58320,47479,0
2431,58344,47479,0
2432,58368,47479,0
2433,58392,47479,0
2434,58416,47479,0
2435,58440,47479,0
2436,58464,47479,0
2437,58488,47479,0
2438,58512,47479,0
2439,58536,47479,0
2440,58560,47479,0
2441,58584,47479,0
2442,58608,47479,0
2443,58632,47479,0
2444,58656,47479,0
2445,58680,47479,0
2446,58704,47479,0
2447,58728,47479,0
2448,58752,47479,0
2449,58776,47479,0
2450,58800,47479,0
2451,58824,47479,0
2452,58848,47479,0
2453,58872,47479,0
2454,58896,47479,0
2455,58920,47479,0
2456,58944,47479,0
2457,58968,47479,0
2458,58992,47479,0
2459,59016,47479,0
2460,59040,47479,0
2461,59064,47479,0
2462,59088,47479,0
2463,59112,47479,0
2464,59136,47479,0
2465,59160,47479,0
2466,59184,47479,0
2467,59208,47479,0
2468,59232,47479,0
2469,59256,47479,0
2470,59280,47479,0
2471,59304,47479,0
2472,59328,47479,0
2473,59352,47479,0
2474,59376,47479,0
2475,59400,47479,0
2476,59424,47479,0
2477,59448,47479,0
2478,59472,47479,0
2479,59496,47479,0
2480,59520,47479,0
2481,59544,47479,0
2482,59568,47479,0
2483,59592,47479,0
2484,59616,47479,0
2485,59640,47479,0
2486,59664,47479,0
2487,59688,47479,0
2488,59712,47479,0
2489,59736,47479,0
2490,59760,47479,0
2491,59784,47479,0
2492,59808,47479,0
2493,59832,47479,0
2494,59856,47479,0
2495,59880,47479,0
2496,59904,47479,0
2497,59928,47479,0
2498,59952,47479,0
2499,59976,47479,0
2500,60000,47479,0
2501,60024,47479,0
2502,60048,47479,0
2503,60072,47479,0
2504,60096,47479,0
2505,60120,47479,0
2506,60144,47479,0
2507,60168,47479,0
2508,60192,47479,0
2509,60216,47479,0
2510,60240,47479,0
2511,60264,47479,0
2512,60288,47479,0
2513,60312,47479,0
2514,60336,47479,0
2515,60360,47479,0
2516,60384,47479,0
2517,60408,47479,0
2518,60432,47479,0
2519,60456,47479,0
2520,60480,47479,0
2521,60504,47479,0
2522,60528,47479,0
2523,60552,47479,0
2524,60576,47479,0
2525,60600,47479,0
2526,60624,47479,0
2527,60648,47479,0
2528,60672,47479,0
2529,60696,47479,0
2530,60720,47479,0
2531,60744,47479,0
2532,60768,47479,0
2533,60792,47479,0
2534,60816,47479,0
2535,60840,47479,0
2536,60864,47479,0
2537,60888,47479,0
2538,60912,47479,0
2539,60936,47479,0
2540,60960,47479,0
2541,60984,47479,1
2542,61008,47479,0
2543,61032,47479,0
2544,61056,47479,0
2545,61080,47479,0
2546,61104,47479,0
2547,61128,47479,0
2548,61152,47479,0
2549,61176,47479,0
2550,61200,47479,0
2551,61224,47479,0
2552,61248,47479,0
2553,61272,47479,0
2554,61296,47479,0
2555,61320,47479,0
2556,61344,47479,0
2557,61368,47479,0
2558,61392,47479,0
2559,61416,47479,0
2560,61440,47479,0
2561,61464,47479,0
2562,61488,47479,0
2563,61512,47479,0
2564,61536,47479,0
2565,61560,47479,0
2566,61584,47479,0
2567,61608,47479,0
2568,61632,47479,0
2569,61656,47479,1
2570,61680,47479,1
2571,61704,47479,0
2572,61728,47479,0
2573,61752,47479,0
2574,61776,47479,0
2575,61800,47479,0
2576,61824,47479,0
2577,61848,47479,0
2578,61872,47479,0
2579,61896,47479,0
2580,61920,47479,0
2581,61944,47479,0
2582,61968,47479,0
2583,61992,47479,0
2584,62016,47479,0
2585,62040,47479,1
2586,62064,47479,0
2587,62088,47479,1
2588,62112,47479,1
2589,62136,47479,1
2590,62160,47479,1
2591,62184,47479,0
2592,62208,47479,1
2593,62232,47479,0
2594,62256,47479,0
2595,62280,47479,0
2596,62304,47479,0
2597,62328,47479,0
2598,62352,47479,0
2599,62376,47479,1
2600,62400,47479,0
2601,62424,47479,0
2602,62448,47479,0
2603,62472,47479,1
2604,62496,47479,0
2605,62520,47479,0
2606,62544,47479,0
2607,62568,47479,0
2608,62592,47479,0
2609,62616,47479,0
2610,62640,47479,0
2611,62664,47479,0
2612,62688,47479,0
2613,62712,47479,0
2614,62736,47479,0
2615,62760,47479,0
2616,62784,47479,0
2617,62808,47479,0
2618,62832,47479,0
2619,62856,47479,0
2620,62880,47479,0
2621,62904,47479,0
2622,62928,47479,0
2623,62952,47479,0
2624,62976,47479,0
2625,63000,47479,0
2626,63024,47479,0
2627,63048,47479,0
2628,63072,47479,0
2629,63096,47479,0
2630,63120,47479,0
2631,63144,47479,0
2632,63168,47479,0
2633,63192,47479,0
2634,63216,47479,0
2635,63240,47479,0
2636,63264,47479,0
2637,63288,47479,0
2638,63312,47479,0
2639,63336,47479,0
2640,63360,47479,0
2641,63384,47479,0
2642,63408,47479,0
2643,63432,47479,0
2644,63456,47479,0
2645,63480,47479,0
2646,63504,47479,0
2647,63528,47479,0
2648,63552,47479,0
2649,63576,47479,0
2650,63600,47479,0
2651,63624,47479,0
2652,63648,47479,0
2653,63672,47479,0
2654,63696,47479,0
2655,63720,47479,0
2656,63744,47479,0
2657,63768,47479,0
2658,63792,47479,0
2659,63816,47479,0
2660,63840,47479,0
2661,63864,47479,0
2662,63888,47479,0
2663,63912,47479,0
2664,63936,47479,0
2665,63960,47479,0
2666,63984,47479,0
2667,64008,47479,0
2668,64032,47479,0
2669,64056,47479,0
2670,64080,47479,0
2671,64104,47479,0
2672,64128,47479,0
2673,64152,47479,0
2674,64176,47479,0
2675,64200,47479,0
2676,64224,47479,0
2677,64248,47479,0
2678,64272,47479,0
2679,64296,47479,0
2680,64320,47479,0
2681,64344,47479,0
2682,64368,47479,0
2683,64392,47479,0
2684,64416,47479,0
2685,64440,47479,0
2686,64464,47479,0
2687,64488,47479,0
2688,64512,47479,0
2689,64536,47479,0
2690,64560,47479,0
2691,64584,47479,0
2692,64608,47479,0
2693,64632,47479,0
2694,64656,47479,0
2695,64680,47479,0
2696,64704,47479,0
2697,64728,47479,0
2698,64752,47479,0
2699,64776,47479,0
2700,64800,47479,0
2701,64824,47479,0
2702,64848,47479,0
2703,64872,47479,0
2704,64896,47479,0
2705,64920,47479,0
2706,64944,47479,0
2707,64968,47479,0
2708,64992,47479,0
2709,65016,47479,0
2710,65040,47479,0
2711,65064,47479,0
2712,65088,47479,0
2713,65112,47479,0
2714,65136,47479,0
2715,65160,47479,0
2716,65184,47479,0
2717,65208,47479,0
2718,65232,47479,0
2719,65256,47479,0
2720,65280,47479,0
2721,65304,47479,0
2722,65328,47479,0
2723,65352,47479,0
2724,65376,47479,0
2725,65400,47479,0
2726,65424,47479,0
2727,65448,47479,0
2728,65472,47479,0
2729,65496,47479,0
2730,65520,47479,0
2731,65544,47479,0
2732,65568,47479,0
2733,65592,47479,0
2734,65616,47479,0
2735,65640,47479,1
2736,65664,47479,0
2737,65688,47479,0
2738,65712,47479,0
2739,65736,47479,0
2740,65760,47479,0
2741,65784,47479,0
2742,65808,47479,0
2743,65832,47479,0
2744,65856,47479,0
2745,65880,47479,0
2746,65904,47479,0
2747,65928,47479,0
2748,65952,47479,0
2749,65976,47479,0
2750,66000,47479,0
2751,66024,47479,0
2752,66048,47479,0
2753,66072,47479,0
2754,66096,47479,0
2755,66120,47479,0
2756,66144,47479,0
2757,66168,47479,0
2758,66192,47479,0
2759,66216,47479,0
2760,66240,47479,0
2761,66264,47479,0
2762,66288,47479,0
2763,66312,47479,0
2764,66336,47479,0
2765,66360,47479,0
2766,66384,47479,0
2767,66408,47479,0
2768,66432,47479,0
2769,66456,47479,0
2770,66480,47479,0
2771,66504,47479,0
2772,66528,47479,0
2773,66552,47479,0
2774,66576,47479,0
2775,66600,47479,0
2776,66624,47479,0
2777,66648,47479,0
2778,66672,47479,0
2779,66696,47479,0
2780,66720,47479,0
2781,66744,47479,0
2782,66768,47479,0
2783,66792,47479,0
2784,66816,47479,0
2785,66840,47479,0
2786,66864,47479,0
2787,66888,47479,0
2788,66912,47479,0
2789,66936,47479,0
2790,66960,47479,0
2791,66984,47479,0
2792,67008,47479,0
2793,67032,47479,0
2794,67056,47479,0
2795,67080,47479,0
2796,67104,47479,0
2797,67128,47479,0
2798,67152,47479,0
2799,67176,47479,0
2800,67200,47479,0
2801,67224,47479,0
2802,67248,47479,0
2803,67272,47479,0
2804,67296,47479,0
2805,67320,47479,0
2806,67344,47479,1
2807,67368,47479,0
2808,67392,47479,1
2809,67416,47479,1
2810,67440,47479,0
2811,67464,47479,0
2812,67488,47479,0
2813,67512,47479,0
2814,67536,47479,1
2815,67560,47479,1
2816,67584,47479,0
2817,67608,47479,0
2818,67632,47479,0
2819,67656,47479,0
2820,67680,47479,0
2821,67704,47479,0
2822,67728,47479,0
2823,67752,47479,0
2824,67776,47479,0
2825,67800,47479,0
2826,67824,47479,0
2827,67848,47479,0
2828,67872,47479,0
2829,67896,47479,0
2830,67920,47479,0
2831,67944,47479,0
2832,67968,47479,0
2833,67992,47479,0
2834,68016,47479,0
2835,68040,47479,0
2836,68064,47479,0
2837,68088,47479,0
2838,68112,47479,0
2839,68136,47479,0
2840,68160,47479,0
2841,68184,47479,0
2842,68208,47479,0
2843,68232,47479,0
2844,68256,47479,0
2845,68280,47479,0
2846,68304,47479,0
2847,68328,47479,0
2848,68352,47479,0
2849,68376,47479,0
2850,68400,47479,0
2851,68424,47479,0
2852,68448,47479,0
2853,68472,47479,0
2854,68496,47479,0
2855,68520,47479,0
2856,68544,47479,0
2857,68568,47479,0
2858,68592,47479,0
2859,68616,47479,0
2860,68640,47479,0
2861,68664,47479,0
2862,68688,47479,0
2863,68712,47479,0
2864,68736,47479,0
2865,68760,47479,0
2866,68784,47479,0
2867,68808,47479,0
2868,68832,47479,0
2869,68856,47479,0
2870,68880,47479,0
2871,68904,47479,0
2872,68928,47479,0
2873,68952,47479,0
2874,68976,47479,0
2875,69000,47479,0
2876,69024,47479,0
2877,69048,47479,0
2878,69072,47479,0
2879,69096,47479,0
2880,69120,47479,0
2881,69144,47479,0
2882,69168,47479,0
2883,69192,47479,0
2884,69216,47479,0
2885,69240,47479,0
2886,69264,47479,0
2887,69288,47479,0
2888,69312,47479,0
2889,69336,47479,0
2890,69360,47479,0
2891,69384,47479,0
2892,69408,47479,0
2893,69432,47479,0
2894,69456,47479,0
2895,69480,47479,0
2896,69504,47479,0
2897,69528,47479,0
2898,69552,47479,0
2899,69576,47479,0
2900,69600,47479,0
2901,69624,47479,0
2902,69648,47479,0
2903,69672,47479,0
2904,69696,47479,0
2905,69720,47479,0
2906,69744,47479,0
2907,69768,47479,0
2908,69792,47479,0
2909,69816,47479,0
2910,69840,47479,0
2911,69864,47479,0
2912,69888,47479,0
2913,69912,47479,0
2914,69936,47479,0
2915,69960,47479,0
2916,69984,47479,0
2917,70008,47479,0
2918,70032,47479,0
2919,70056,47479,0
2920,70080,47479,0
2921,70104,47479,0
2922,70128,47479,0
2923,70152,47479,0
2924,70176,47479,0
2925,70200,47479,0
2926,70224,47479,0
2927,70248,47479,0
2928,70272,47479,0
2929,70296,47479,0
2930,70320,47479,0
2931,70344,47479,0
2932,70368,47479,0
2933,70392,47479,0
2934,70416,47479,0
2935,70440,47479,0
2936,70464,47479,0
2937,70488,47479,0
2938,70512,47479,0
2939,70536,47479,0
2940,70560,47479,0
2941,70584,47479,0
2942,70608,47479,0
2943,70632,47479,0
2944,70656,47479,0
2945,70680,47479,0
2946,70704,47479,0
2947,70728,47479,0
2948,70752,47479,0
2949,70776,47479,0
2950,70800,47479,0
2951,70824,47479,0
2952,70848,47479,0
2953,70872,47479,0
2954,70896,47479,0
2955,70920,47479,0
2956,70944,47479,0
2957,70968,47479,0
2958,70992,47479,0
2959,71016,47479,0
2960,71040,47479,0
2961,71064,47479,0
2962,71088,47479,0
2963,71112,47479,0
2964,71136,47479,0
2965,71160,47479,0
2966,71184,47479,0
2967,71208,47479,0
2968,71232,47479,0
2969,71256,47479,0
2970,71280,47479,0
2971,71304,47479,0
2972,71328,47479,0
2973,71352,47479,0
2974,71376,47479,0
2975,71400,47479,0
2976,71424,47479,0
2977,71448,47479,0
2978,71472,47479,0
2979,71496,47479,0
2980,71520,47479,0
2981,71544,47479,0
2982,71568,47479,0
2983,71592,47479,0
2984,71616,47479,0
2985,71640,47479,0
2986,71664,47479,0
2987,71688,47479,0
2988,71712,47479,0
2989,71736,47479,0
2990,71760,47479,0
2991,71784,47479,0
2992,71808,47479,0
2993,71832,47479,0
2994,71856,47479,0
2995,71880,47479,0
2996,71904,47479,0
2997,71928,47479,0
2998,71952,47479,0
2999,71976,47479,0
3000,72000,47479,0
3001,72024,47479,0
3002,72048,47479,0
3003,72072,47479,0
3004,72096,47479,0
3005,72120,47479,0
3006,72144,47479,0
3007,72168,47479,0
3008,72192,47479,0
3009,72216,47479,0
3010,72240,47479,0
3011,72264,47479,0
3012,72288,47479,0
3013,72312,47479,0
3014,72336,47479,0
3015,72360,47479,0
3016,72384,47479,0
3017,72408,47479,0
3018,72432,47479,0
3019,72456,47479,0
3020,72480,47479,0
3021,72504,47479,0
3022,72528,47479,0
3023,72552,47479,0
3024,72576,47479,0
3025,72600,47479,0
3026,72624,47479,0
3027,72648,47479,0
3028,72672,47479,0
3029,72696,47479,0
3030,72720,47479,0
3031,72744,47479,0
3032,72768,47479,0
3033,72792,47479,0
3034,72816,47479,0
3035,72840,47479,0
3036,72864,47479,0
3037,72888,47479,0
3038,72912,47479,0
3039,72936,47479,0
3040,72960,47479,0
3041,72984,47479,0
3042,73008,47479,1
3043,73032,47479,1
3044,73056,47479,1
3045,73080,47479,1
3046,73104,47479,1
3047,73128,47479,1
3048,73152,47479,1
3049,73176,47479,1
3050,73200,47479,1
3051,73224,47479,1
3052,73248,47479,1
3053,73272,47479,1
3054,73296,47479,1
3055,73320,47479,1
3056,73344,47479,1
3057,73368,47479,1
3058,73392,47479,1
3059,73416,47479,1
3060,73440,47479,1
3061,73464,47479,0
3062,73488,47479,0
3063,73512,47479,0
3064,73536,47479,0
3065,73560,47479,0
3066,73584,47479,0
3067,73608,47479,0
3068,73632,47479,0
3069,73656,47479,0
3070,73680,47479,0
3071,73704,47479,0
3072,73728,47479,0
3073,73752,47479,0
3074,73776,47479,0
3075,73800,47479,0
3076,73824,47479,0
3077,73848,47479,0
3078,73872,47479,0
3079,73896,47479,0
3080,73920,47479,0
3081,73944,47479,0
3082,73968,47479,0
3083,73992,47479,0
3084,74016,47479,0
3085,74040,47479,0
3086,74064,47479,0
3087,74088,47479,0
3088,74112,47479,0
3089,74136,47479,0
3090,74160,47479,0
3091,74184,47479,0
3092,74208,47479,0
3093,74232,47479,0
3094,74256,47479,0
3095,74280,47479,0
3096,74304,47479,0
3097,74328,47479,0
3098,74352,47479,0
3099,74376,47479,0
3100,74400,47479,0
3101,74424,47479,0
3102,74448,47479,0
3103,74472,47479,0
3104,74496,47479,0
3105,74520,47479,0
3106,74544,47479,0
3107,74568,47479,0
3108,74592,47479,0
3109,74616,47479,0
3110,74640,47479,0
3111,74664,47479,0
3112,74688,47479,0
3113,74712,47479,0
3114,74736,47479,0
3115,74760,47479,0
3116,74784,47479,0
3117,74808,47479,0
3118,74832,47479,0
3119,74856,47479,0
3120,74880,47479,0
3121,74904,47479,0
3122,74928,47479,0
3123,74952,47479,0
3124,74976,47479,0
3125,75000,47479,0
3126,75024,47479,0
3127,75048,47479,0
3128,75072,47479,0
3129,75096,47479,0
3130,75120,47479,0
3131,75144,47479,0
3132,75168,47479,0
3133,75192,47479,0
3134,75216,47479,0
3135,75240,47479,0
3136,75264,47479,0
3137,75288,47479,0
3138,75312,47479,0
3139,75336,47479,0
3140,75360,47479,0
3141,75384,47479,0
3142,75408,47479,0
3143,75432,47479,0
3144,75456,47479,0
3145,75480,47479,0
3146,75504,47479,0
3147,75528,47479,0
3148,75552,47479,0
3149,75576,47479,0
3150,75600,47479,0
3151,75624,47479,0
3152,75648,47479,0
3153,75672,47479,0
3154,75696,47479,0
3155,75720,47479,0
3156,75744,47479,0
3157,75768,47479,0
3158,75792,47479,0
3159,75816,47479,0
3160,75840,47479,0
3161,75864,47479,0
3162,75888,47479,0
3163,75912,47479,0
3164,75936,47479,0
3165,75960,47479,0
3166,75984,47479,0
3167,76008,47479,0
3168,76032,47479,0
3169,76056,47479,0
3170,76080,47479,0
3171,76104,47479,0
3172,76128,47479,0
3173,76152,47479,0
3174,76176,47479,0
3175,76200,47479,0
3176,76224,47479,0
3177,76248,47479,0
3178,76272,47479,0
3179,76296,47479,0
3180,76320,47479,0
3181,76344,47479,0
3182,76368,47479,0
3183,76392,47479,0
3184,76416,47479,0
3185,76440,47479,0
3186,76464,47479,0
3187,76488,47479,0
3188,76512,47479,0
3189,76536,47479,0
3190,76560,47479,0
3191,76584,47479,0
3192,76608,47479,0
3193,76632,47479,0
3194,76656,47479,0
3195,76680,47479,0
3196,76704,47479,0
3197,76728,47479,0
3198,76752,47479,0
3199,76776,47479,0
3200,76800,47479,0
3201,76824,47479,0
3202,76848,47479,0
3203,76872,47479,0
3204,76896,47479,0
3205,76920,47479,0
3206,76944,47479,0
3207,76968,47479,0
3208,76992,47479,0
3209,77016,47479,0
3210,77040,47479,0
3211,77064,47479,0
3212,77088,47479,0
3213,77112,47479,0
3214,77136,47479,0
3215,77160,47479,0
3216,77184,47479,0
3217,77208,47479,0
3218,77232,47479,0
3219,77256,47479,0
3220,77280,47479,0
3221,77304,47479,1
3222,77328,47479,0
3223,77352,47479,1
3224,77376,47479,0
3225,77400,47479,1
3226,77424,47479,0
3227,77448,47479,0
3228,77472,47479,0
3229,77496,47479,0
3230,77520,47479,1
3231,77544,47479,0
3232,77568,47479,1
3233,77592,47479,0
3234,77616,47479,1
3235,77640,47479,1
3236,77664,47479,0
3237,77688,47479,0
3238,77712,47479,0
3239,77736,47479,0
3240,77760,47479,0
3241,77784,47479,0
3242,77808,47479,0
3243,77832,47479,1
3244,77856,47479,1
3245,77880,47479,0
3246,77904,47479,0
3247,77928,47479,0
3248,77952,47479,1
3249,77976,47479,0
3250,78000,47479,0
3251,78024,47479,0
3252,78048,47479,0
3253,78072,47479,0
3254,78096,47479,0
3255,78120,47479,0
3256,78144,47479,1
3257,78168,47479,0
3258,78192,47479,0
3259,78216,47479,0
3260,78240,47479,0
3261,78264,47479,0
3262,78288,47479,0
3263,78312,47479,0
3264,78336,47479,0
3265,78360,47479,0
3266,78384,47479,0
3267,78408,47479,0
3268,78432,47479,0
3269,78456,47479,0
3270,78480,47479,0
3271,78504,47479,0
3272,78528,47479,0
3273,78552,47479,0
3274,78576,47479,0
3275,78600,47479,0
3276,78624,47479,0
3277,78648,47479,0
3278,78672,47479,0
3279,78696,47479,0
3280,78720,47479,0
3281,78744,47479,0
3282,78768,47479,0
3283,78792,47479,0
3284,78816,47479,0
3285,78840,47479,0
3286,78864,47479,0
3287,78888,47479,0
3288,78912,47479,0
3289,78936,47479,0
3290,78960,47479,0
3291,78984,47479,0
3292,79008,47479,0
3293,79032,47479,0
3294,79056,47479,0
3295,79080,47479,0
3296,79104,47479,0
3297,79128,47479,0
3298,79152,47479,0
3299,79176,47479,0
3300,79200,47479,0
3301,79224,47479,0
3302,79248,47479,0
3303,79272,47479,0
3304,79296,47479,0
3305,79320,47479,0
3306,79344,47479,0
3307,79368,47479,0
3308,79392,47479,0
3309,79416,47479,0
3310,79440,47479,0
3311,79464,47479,0
3312,79488,47479,0
3313,79512,47479,0
3314,79536,47479,0
3315,79560,47479,0
3316,79584,47479,0
3317,79608,47479,0
3318,79632,47479,0
3319,79656,47479,0
3320,79680,47479,0
3321,79704,47479,0
3322,79728,47479,0
3323,79752,47479,0
3324,79776,47479,0
3325,79800,47479,0
3326,79824,47479,0
3327,79848,47479,0
3328,79872,47479,0
3329,79896,47479,0
3330,79920,47479,0
3331,79944,47479,0
3332,79968,47479,0
3333,79992,47479,0
3334,80016,47479,0
3335,80040,47479,0
3336,80064,47479,0
3337,80088,47479,0
3338,80112,47479,0
3339,80136,47479,0
3340,80160,47479,0
3341,80184,47479,0
3342,80208,47479,0
3343,80232,47479,0
3344,80256,47479,0
3345,80280,47479,0
3346,80304,47479,0
3347,80328,47479,0
3348,80352,47479,0
3349,80376,47479,0
3350,80400,47479,0
3351,80424,47479,0
3352,80448,47479,0
3353,80472,47479,0
3354,80496,47479,0
3355,80520,47479,0
3356,80544,47479,0
3357,80568,47479,0
3358,80592,47479,0
3359,80616,47479,0
3360,80640,47479,0
3361,80664,47479,0
3362,80688,47479,0
3363,80712,47479,0
3364,80736,47479,0
3365,80760,47479,0
3366,80784,47479,0
3367,80808,47479,0
3368,80832,47479,0
3369,80856,47479,0
3370,80880,47479,0
3371,80904,47479,0
3372,80928,47479,0
3373,80952,47479,0
3374,80976,47479,0
3375,81000,47479,0
3376,81024,47479,0
3377,81048,47479,0
3378,81072,47479,0
3379,81096,47479,0
3380,81120,47479,0
3381,81144,47479,0
3382,81168,47479,0
3383,81192,47479,0
3384,81216,47479,0
3385,81240,47479,0
3386,81264,47479,0
3387,81288,47479,0
3388,81312,47479,0
3389,81336,47479,0
3390,81360,47479,0
3391,81384,47479,0
3392,81408,47479,0
3393,81432,47479,0
3394,81456,47479,0
3395,81480,47479,0
3396,81504,47479,0
3397,81528,47479,0
3398,81552,47479,0
3399,81576,47479,0
3400,81600,47479,0
3401,81624,47479,0
3402,81648,47479,0
3403,81672,47479,0
3404,81696,47479,0
3405,81720,47479,0
3406,81744,47479,0
3407,81768,47479,0
3408,81792,47479,0
3409,81816,47479,0
3410,81840,47479,0
3411,81864,47479,0
3412,81888,47479,0
3413,81912,47479,0
3414,81936,47479,0
3415,81960,47479,0
3416,81984,47479,0
3417,82008,47479,0
3418,82032,47479,0
3419,82056,47479,0
3420,82080,47479,0
3421,82104,47479,0
3422,82128,47479,0
3423,82152,47479,0
3424,82176,47479,0
3425,82200,47479,0
3426,82224,47479,0
3427,82248,47479,0
3428,82272,47479,0
3429,82296,47479,0
3430,82320,47479,0
3431,82344,47479,0
3432,82368,47479,0
3433,82392,47479,0
3434,82416,47479,0
3435,82440,47479,0
3436,82464,47479,0
3437,82488,47479,0
3438,82512,47479,0
3439,82536,47479,0
3440,82560,47479,0
3441,82584,47479,0
3442,82608,47479,0
3443,82632,47479,0
3444,82656,47479,0
3445,82680,47479,0
3446,82704,47479,0
3447,82728,47479,0
3448,82752,47479,0
3449,82776,47479,0
3450,82800,47479,0
3451,82824,47479,0
3452,82848,47479,0
3453,82872,47479,0
3454,82896,47479,0
3455,82920,47479,0
3456,82944,47479,1
3457,82968,47479,1
3458,82992,47479,1
3459,83016,47479,1
3460,83040,47479,1
3461,83064,47479,1
3462,83088,47479,1
3463,83112,47479,1
3464,83136,47479,1
3465,83160,47479,1
3466,83184,47479,1
3467,83208,47479,1
3468,83232,47479,1
3469,83256,47479,1
3470,83280,47479,1
3471,83304,47479,1
3472,83328,47479,1
3473,83352,47479,0
3474,83376,47479,0
3475,83400,47479,0
3476,83424,47479,0
3477,83448,47479,0
3478,83472,47479,0
3479,83496,47479,0
3480,83520,47479,0
3481,83544,47479,0
3482,83568,47479,0
3483,83592,47479,0
3484,83616,47479,0
3485,83640,47479,0
3486,83664,47479,0
3487,83688,47479,1
3488,83712,47479,1
3489,83736,47479,1
3490,83760,47479,1
3491,83784,47479,0
3492,83808,47479,0
3493,83832,47479,0
3494,83856,47479,0
3495,83880,47479,0
3496,83904,47479,0
3497,83928,47479,0
3498,83952,47479,0
3499,83976,47479,0
3500,84000,47479,0
3501,84024,47479,0
3502,84048,47479,0
3503,84072,47479,0
3504,84096,47479,0
3505,84120,47479,0
3506,84144,47479,0
3507,84168,47479,0
3508,84192,47479,0
3509,84216,47479,0
3510,84240,47479,0
3511,84264,47479,0
3512,84288,47479,0
3513,84312,47479,0
3514,84336,47479,0
3515,84360,47479,0
3516,84384,47479,0
3517,84408,47479,0
3518,84432,47479,0
3519,84456,47479,0
3520,84480,47479,0
3521,84504,47479,0
3522,84528,47479,0
3523,84552,47479,0
3524,84576,47479,0
3525,84600,47479,0
3526,84624,47479,0
3527,84648,47479,0
3528,84672,47479,0
3529,84696,47479,0
3530,84720,47479,0
3531,84744,47479,0
3532,84768,47479,0
3533,84792,47479,0
3534,84816,47479,0
3535,84840,47479,0
3536,84864,47479,0
3537,84888,47479,0
3538,84912,47479,0
3539,84936,47479,0
3540,84960,47479,0
3541,84984,47479,0
3542,85008,47479,0
3543,85032,47479,0
3544,85056,47479,0
3545,85080,47479,0
3546,85104,47479,0
3547,85128,47479,0
3548,85152,47479,0
3549,85176,47479,0
3550,85200,47479,0
3551,85224,47479,0
3552,85248,47479,0
3553,85272,47479,0
3554,85296,47479,0
3555,85320,47479,0
3556,85344,47479,0
3557,85368,47479,0
3558,85392,47479,0
3559,85416,47479,0
3560,85440,47479,0
3561,85464,47479,0
3562,85488,47479,0
3563,85512,47479,0
3564,85536,47479,0
3565,85560,47479,0
3566,85584,47479,0
3567,85608,47479,0
3568,85632,47479,0
3569,85656,47479,0
3570,85680,47479,0
3571,85704,47479,0
3572,85728,47479,0
3573,85752,47479,0
3574,85776,47479,0
3575,85800,47479,0
3576,85824,47479,0
3577,85848,47479,0
3578,85872,47479,0
3579,85896,47479,0
3580,85920,47479,0
3581,85944,47479,0
3582,85968,47479,0
3583,85992,47479,0
3584,86016,47479,0
3585,86040,47479,0
3586,86064,47479,0
3587,86088,47479,0
3588,86112,47479,0
3589,86136,47479,0
3590,86160,47479,0
3591,86184,47479,0
3592,86208,47479,0
3593,86232,47479,0
3594,86256,47479,0
3595,86280,47479,0
3596,86304,47479,0
3597,86328,47479,0
3598,86352,47479,0
3599,86376,47479,0
3600,86400,47479,0
3601,86424,47479,0
3602,86448,47479,0
3603,86472,47479,0
3604,86496,47479,0
3605,86520,47479,0
3606,86544,47479,0
3607,86568,47479,0
3608,86592,47479,0
3609,86616,47479,0
3610,86640,47479,0
3611,86664,47479,0
3612,86688,47479,0
3613,86712,47479,0
3614,86736,47479,0
3615,86760,47479,0
3616,86784,47479,0
3617,86808,47479,0
3618,86832,47479,0
3619,86856,47479,0
3620,86880,47479,0
3621,86904,47479,0
3622,86928,47479,0
3623,86952,47479,0
3624,86976,47479,0
3625,87000,47479,0
3626,87024,47479,0
3627,87048,47479,0
3628,87072,47479,0
3629,87096,47479,0
3630,87120,47479,0
3631,87144,47479,0
3632,87168,47479,0
3633,87192,47479,0
3634,87216,47479,0
3635,87240,47479,0
3636,87264,47479,0
3637,87288,47479,0
3638,87312,47479,0
3639,87336,47479,0
3640,87360,47479,0
3641,87384,47479,0
3642,87408,47479,0
3643,87432,47479,0
3644,87456,47479,0
3645,87480,47479,0
3646,87504,47479,0
3647,87528,47479,0
3648,87552,47479,0
3649,87576,47479,0
3650,87600,47479,0
3651,87624,47479,0
3652,87648,47479,0
3653,87672,47479,0
3654,87696,47479,1
3655,87720,47479,1
3656,87744,47479,1
3657,87768,47479,1
3658,87792,47479,1
3659,87816,47479,1
3660,87840,47479,1
3661,87864,47479,1
3662,87888,47479,1
3663,87912,47479,1
3664,87936,47479,1
3665,87960,47479,1
3666,87984,47479,0
3667,88008,47479,1
3668,88032,47479,0
3669,88056,47479,0
3670,88080,47479,1
3671,88104,47479,1
3672,88128,47479,1
3673,88152,47479,0
3674,88176,47479,0
3675,88200,47479,0
3676,88224,47479,0
3677,88248,47479,1
3678,88272,47479,1
3679,88296,47479,1
3680,88320,47479,1
3681,88344,47479,1
3682,88368,47479,1
3683,88392,47479,1
3684,88416,47479,1
3685,88440,47479,1
3686,88464,47479,1
3687,88488,47479,0
3688,88512,47479,0
3689,88536,47479,0
3690,88560,47479,1
3691,88584,47479,1
3692,88608,47479,1
3693,88632,47479,1
3694,88656,47479,0
3695,88680,47479,1
3696,88704,47479,1
3697,88728,47479,1
3698,88752,47479,1
3699,88776,47479,1
3700,88800,47479,1
3701,88824,47479,1
3702,88848,47479,1
3703,88872,47479,1
3704,88896,47479,0
3705,88920,47479,1
3706,88944,47479,1
3707,88968,47479,1
3708,88992,47479,1
3709,89016,47479,1
3710,89040,47479,1
3711,89064,47479,1
3712,89088,47479,1
3713,89112,47479,1
3714,89136,47479,1
3715,89160,47479,1
3716,89184,47479,1
3717,89208,47479,1
3718,89232,47479,1
3719,89256,47479,1
3720,89280,47479,0
3721,89304,47479,0
3722,89328,47479,0
3723,89352,47479,0
3724,89376,47479,1
3725,89400,47479,1
3726,89424,47479,0
3727,89448,47479,0
3728,89472,47479,0
3729,89496,47479,0
3730,89520,47479,0
3731,89544,47479,0
3732,89568,47479,0
3733,89592,47479,0
3734,89616,47479,0
3735,89640,47479,0
3736,89664,47479,0
3737,89688,47479,0
3738,89712,47479,0
3739,89736,47479,0
3740,89760,47479,0
3741,89784,47479,0
3742,89808,47479,0
3743,89832,47479,0
3744,89856,47479,0
3745,89880,47479,1
3746,89904,47479,0
3747,89928,47479,0
3748,89952,47479,1
3749,89976,47479,0
3750,90000,47479,1
3751,90024,47479,1
3752,90048,47479,0
3753,90072,47479,0
3754,90096,47479,0
3755,90120,47479,0
3756,90144,47479,0
3757,90168,47479,0
3758,90192,47479,0
3759,90216,47479,1
3760,90240,47479,1
3761,90264,47479,1
3762,90288,47479,1
3763,90312,47479,1
3764,90336,47479,1
3765,90360,47479,1
3766,90384,47479,1
3767,90408,47479,1
3768,90432,47479,1
3769,90456,47479,1
3770,90480,47479,1
3771,90504,47479,0
3772,90528,47479,1
3773,90552,47479,1
3774,90576,47479,1
3775,90600,47479,1
3776,90624,47479,1
3777,90648,47479,1
3778,90672,47479,0
3779,90696,47479,1
3780,90720,47479,1
3781,90744,47479,1
3782,90768,47479,1
3783,90792,47479,1
3784,90816,47479,1
3785,90840,47479,1
3786,90864,47479,1
3787,90888,47479,1
3788,90912,47479,0
3789,90936,47479,0
3790,90960,47479,0
3791,90984,47479,0
3792,91008,47479,0
3793,91032,47479,0
3794,91056,47479,0
3795,91080,47479,0
3796,91104,47479,0
3797,91128,47479,0
3798,91152,47479,0
3799,91176,47479,0
3800,91200,47479,0
3801,91224,47479,0
3802,91248,47479,0
3803,91272,47479,0
3804,91296,47479,0
3805,91320,47479,0
3806,91344,47479,0
3807,91368,47479,0
3808,91392,47479,0
3809,91416,47479,0
3810,91440,47479,0
3811,91464,47479,0
3812,91488,47479,0
3813,91512,47479,0
3814,91536,47479,0
3815,91560,47479,0
3816,91584,47479,0
3817,91608,47479,0
3818,91632,47479,0
3819,91656,47479,0
3820,91680,47479,0
3821,91704,47479,0
3822,91728,47479,0
3823,91752,47479,0
3824,91776,47479,0
3825,91800,47479,0
3826,91824,47479,0
3827,91848,47479,0
3828,91872,47479,0
3829,91896,47479,0
3830,91920,47479,0
3831,91944,47479,0
3832,91968,47479,0
3833,91992,47479,0
3834,92016,47479,1
3835,92040,47479,0
3836,92064,47479,0
3837,92088,47479,0
3838,92112,47479,0
3839,92136,47479,0
3840,92160,47479,0
3841,92184,47479,0
3842,92208,47479,0
3843,92232,47479,0
3844,92256,47479,0
3845,92280,47479,0
3846,92304,47479,0
3847,92328,47479,0
3848,92352,47479,0
3849,92376,47479,0
3850,92400,47479,0
3851,92424,47479,0
3852,92448,47479,1
3853,92472,47479,0
3854,92496,47479,0
3855,92520,47479,0
3856,92544,47479,0
3857,92568,47479,0
3858,92592,47479,0
3859,92616,47479,0
3860,92640,47479,0
3861,92664,47479,0
3862,92688,47479,0
3863,92712,47479,0
3864,92736,47479,0
3865,92760,47479,0
3866,92784,47479,0
3867,92808,47479,0
3868,92832,47479,0
3869,92856,47479,0
3870,92880,47479,0
3871,92904,47479,0
3872,92928,47479,0
3873,92952,47479,0
3874,92976,47479,0
3875,93000,47479,0
3876,93024,47479,0
3877,93048,47479,0
3878,93072,47479,0
3879,93096,47479,0
3880,93120,47479,0
3881,93144,47479,0
3882,93168,47479,0
3883,93192,47479,0
3884,93216,47479,0
3885,93240,47479,0
3886,93264,47479,0
3887,93288,47479,0
3888,93312,47479,0
3889,93336,47479,0
3890,93360,47479,0
3891,93384,47479,0
3892,93408,47479,0
3893,93432,47479,0
3894,93456,47479,0
3895,93480,47479,0
3896,93504,47479,0
3897,93528,47479,0
3898,93552,47479,0
3899,93576,47479,0
3900,93600,47479,0
3901,93624,47479,0
3902,93648,47479,0
3903,93672,47479,0
3904,93696,47479,0
3905,93720,47479,0
3906,93744,47479,0
3907,93768,47479,0
3908,93792,47479,0
3909,93816,47479,0
3910,93840,47479,0
3911,93864,47479,0
3912,93888,47479,0
3913,93912,47479,0
3914,93936,47479,0
3915,93960,47479,0
3916,93984,47479,0
3917,94008,47479,0
3918,94032,47479,0
3919,94056,47479,0
3920,94080,47479,0
3921,94104,47479,0
3922,94128,47479,0
3923,94152,47479,0
3924,94176,47479,0
3925,94200,47479,0
3926,94224,47479,0
3927,94248,47479,0
3928,94272,47479,0
3929,94296,47479,0
3930,94320,47479,0
3931,94344,47479,0
3932,94368,47479,0
3933,94392,47479,0
3934,94416,47479,0
3935,94440,47479,0
3936,94464,47479,0
3937,94488,47479,0
3938,94512,47479,0
3939,94536,47479,0
3940,94560,47479,0
3941,94584,47479,0
3942,94608,47479,0
3943,94632,47479,0
3944,94656,47479,0
3945,94680,47479,0
3946,94704,47479,0
3947,94728,47479,0
3948,94752,47479,0
3949,94776,47479,0
3950,94800,47479,0
3951,94824,47479,0
3952,94848,47479,0
3953,94872,47479,0
3954,94896,47479,0
3955,94920,47479,0
3956,94944,47479,0
3957,94968,47479,0
3958,94992,47479,0
3959,95016,47479,0
3960,95040,47479,0
3961,95064,47479,0
3962,95088,47479,0
3963,95112,47479,0
3964,95136,47479,0
3965,95160,47479,0
3966,95184,47479,0
3967,95208,47479,0
3968,95232,47479,0
3969,95256,47479,0
3970,95280,47479,0
3971,95304,47479,0
3972,95328,47479,0
3973,95352,47479,0
3974,95376,47479,0
3975,95400,47479,0
3976,95424,47479,0
3977,95448,47479,0
3978,95472,47479,0
3979,95496,47479,0
3980,95520,47479,0
3981,95544,47479,0
3982,95568,47479,0
3983,95592,47479,0
3984,95616,47479,0
3985,95640,47479,0
3986,95664,47479,0
3987,95688,47479,0
3988,95712,47479,0
3989,95736,47479,0
3990,95760,47479,0
3991,95784,47479,0
3992,95808,47479,0
3993,95832,47479,0
3994,95856,47479,0
3995,95880,47479,0
3996,95904,47479,0
3997,95928,47479,0
3998,95952,47479,0
3999,95976,47479,0
4000,96000,47479,0
4001,96024,47479,0
4002,96048,47479,0
4003,96072,47479,0
4004,96096,47479,0
4005,96120,47479,0
4006,96144,47479,0
4007,96168,47479,0
4008,96192,47479,0
4009,96216,47479,0
4010,96240,47479,0
4011,96264,47479,0
4012,96288,47479,0
4013,96312,47479,0
4014,96336,47479,0
4015,96360,47479,0
4016,96384,47479,0
4017,96408,47479,0
4018,96432,47479,0
4019,96456,47479,0
4020,96480,47479,0
4021,96504,47479,0
4022,96528,47479,0
4023,96552,47479,0
4024,96576,47479,0
4025,96600,47479,0
4026,96624,47479,0
4027,96648,47479,0
4028,96672,47479,0
4029,96696,47479,0
4030,96720,47479,0
4031,96744,47479,0
4032,96768,47479,0
4033,96792,47479,0
4034,96816,47479,0
4035,96840,47479,0
4036,96864,47479,0
4037,96888,47479,0
4038,96912,47479,0
4039,96936,47479,0
4040,96960,47479,0
4041,96984,47479,0
4042,97008,47479,0
4043,97032,47479,0
4044,97056,47479,0
4045,97080,47479,0
4046,97104,47479,0
4047,97128,47479,0
4048,97152,47479,0
4049,97176,47479,0
4050,97200,47479,0
4051,97224,47479,0
4052,97248,47479,0
4053,97272,47479,0
4054,97296,47479,0
4055,97320,47479,0
4056,97344,47479,0
4057,97368,47479,0
4058,97392,47479,0
4059,97416,47479,0
4060,97440,47479,0
4061,97464,47479,0
4062,97488,47479,0
4063,97512,47479,0
4064,97536,47479,0
4065,97560,47479,0
4066,97584,47479,0
4067,97608,47479,0
4068,97632,47479,0
4069,97656,47479,0
4070,97680,47479,0
4071,97704,47479,0
4072,97728,47479,0
4073,97752,47479,0
4074,97776,47479,0
4075,97800,47479,0
4076,97824,47479,0
4077,97848,47479,0
4078,97872,47479,0
4079,97896,47479,0
4080,97920,47479,0
4081,97944,47479,0
4082,97968,47479,0
4083,97992,47479,0
4084,98016,47479,0
4085,98040,47479,0
4086,98064,47479,0
4087,98088,47479,0
4088,98112,47479,0
4089,98136,47479,0
4090,98160,47479,0
4091,98184,47479,0
4092,98208,47479,0
4093,98232,47479,0
4094,98256,47479,0
4095,98280,47479,0
4096,98304,47479,0
4097,98328,47479,0
4098,98352,47479,0
4099,98376,47479,0
4100,98400,47479,0
4101,98424,47479,0
4102,98448,47479,0
4103,98472,47479,0
4104,98496,47479,0
4105,98520,47479,0
4106,98544,47479,0
4107,98568,47479,0
4108,98592,47479,0
4109,98616,47479,0
4110,98640,47479,0
4111,98664,47479,0
4112,98688,47479,0
4113,98712,47479,0
4114,98736,47479,0
4115,98760,47479,0
4116,98784,47479,0
4117,98808,47479,0
4118,98832,47479,0
4119,98856,47479,0
4120,98880,47479,0
4121,98904,47479,0
4122,98928,47479,0
4123,98952,47479,0
4124,98976,47479,0
4125,99000,47479,0
4126,99024,47479,0
4127,99048,47479,0
4128,99072,47479,0
4129,99096,47479,0
4130,99120,47479,0
4131,99144,47479,0
4132,99168,47479,0
4133,99192,47479,0
4134,99216,47479,0
4135,99240,47479,0
4136,99264,47479,0
4137,99288,47479,0
4138,99312,47479,0
4139,99336,47479,0
4140,99360,47479,0
4141,99384,47479,0
4142,99408,47479,0
4143,99432,47479,0
4144,99456,47479,0
4145,99480,47479,0
4146,99504,47479,0
4147,99528,47479,0
4148,99552,47479,0
4149,99576,47479,0
4150,99600,47479,0
4151,99624,47479,0
4152,99648,47479,0
4153,99672,47479,0
4154,99696,47479,0
4155,99720,47479,0
4156,99744,47479,0
4157,99768,47479,0
4158,99792,47479,0
4159,99816,47479,0
4160,99840,47479,0
4161,99864,47479,0
4162,99888,47479,0
4163,99912,47479,0
4164,99936,47479,0
4165,99960,47479,0
4166,99984,47479,0
4167,100008,47479,0
4168,100032,47479,0
4169,100056,47479,0
4170,100080,47479,0
4171,100104,47479,0
4172,100128,47479,0
4173,100152,47479,1
4174,100176,47479,0
4175,100200,47479,0
4176,100224,47479,0
4177,100248,47479,0
4178,100272,47479,0
4179,100296,47479,0
4180,100320,47479,0
4181,100344,47479,0
4182,100368,47479,0
4183,100392,47479,0
4184,100416,47479,0
4185,100440,47479,0
4186,100464,47479,0
4187,100488,47479,0
4188,100512,47479,0
4189,100536,47479,0
4190,100560,47479,0
4191,100584,47479,0
4192,100608,47479,0
4193,100632,47479,0
4194,100656,47479,0
4195,100680,47479,0
4196,100704,47479,0
4197,100728,47479,0
4198,100752,47479,0
4199,100776,47479,0
4200,100800,47479,0
4201,100824,47479,0
4202,100848,47479,0
4203,100872,47479,0
4204,100896,47479,0
4205,100920,47479,0
4206,100944,47479,0
4207,100968,47479,0
4208,100992,47479,0
4209,101016,47479,0
4210,101040,47479,0
4211,101064,47479,0
4212,101088,47479,0
4213,101112,47479,0
4214,101136,47479,0
4215,101160,47479,0
4216,101184,47479,0
4217,101208,47479,0
4218,101232,47479,0
4219,101256,47479,0
4220,101280,47479,0
4221,101304,47479,0
4222,101328,47479,0
4223,101352,47479,0
4224,101376,47479,0
4225,101400,47479,0
4226,101424,47479,0
4227,101448,47479,0
4228,101472,47479,0
4229,101496,47479,0
4230,101520,47479,0
4231,101544,47479,0
4232,101568,47479,0
4233,101592,47479,0
4234,101616,47479,0
4235,101640,47479,0
4236,101664,47479,0
4237,101688,47479,0
4238,101712,47479,0
4239,101736,47479,0
4240,101760,47479,0
4241,101784,47479,0
4242,101808,47479,0
4243,101832,47479,0
4244,101856,47479,0
4245,101880,47479,0
4246,101904,47479,0
4247,101928,47479,0
4248,101952,47479,0
4249,101976,47479,0
4250,102000,47479,0
4251,102024,47479,0
4252,102048,47479,0
4253,102072,47479,0
4254,102096,47479,0
4255,102120,47479,0
4256,102144,47479,0
4257,102168,47479,0
4258,102192,47479,0
4259,102216,47479,0
4260,102240,47479,0
4261,102264,47479,0
4262,102288,47479,0
4263,102312,47479,0
4264,102336,47479,0
4265,102360,47479,0
4266,102384,47479,0
4267,102408,47479,0
4268,102432,47479,0
4269,102456,47479,0
4270,102480,47479,0
4271,102504,47479,0
4272,102528,47479,0
4273,102552,47479,0
4274,102576,47479,0
4275,102600,47479,0
4276,102624,47479,0
4277,102648,47479,0
4278,102672,47479,0
4279,102696,47479,0
4280,102720,47479,0
4281,102744,47479,0
4282,102768,47479,0
4283,102792,47479,0
4284,102816,47479,0
4285,102840,47479,0
4286,102864,47479,0
4287,102888,47479,0
4288,102912,47479,0
4289,102936,47479,0
4290,102960,47479,0
4291,102984,47479,0
4292,103008,47479,0
4293,103032,47479,0
4294,103056,47479,0
4295,103080,47479,0
4296,103104,47479,0
4297,103128,47479,0
4298,103152,47479,0
4299,103176,47479,0
4300,103200,47479,0
4301,103224,47479,0
4302,103248,47479,0
4303,103272,47479,0
4304,103296,47479,0
4305,103320,47479,0
4306,103344,47479,0
4307,103368,47479,0
4308,103392,47479,0
4309,103416,47479,0
4310,103440,47479,0
4311,103464,47479,0
4312,103488,47479,0
4313,103512,47479,0
4314,103536,47479,0
4315,103560,47479,0
4316,103584,47479,0
4317,103608,47479,0
4318,103632,47479,0
4319,103656,47479,0
4320,103680,47479,0
4321,103704,47479,0
4322,103728,47479,0
4323,103752,47479,0
4324,103776,47479,0
4325,103800,47479,0
4326,103824,47479,0
4327,103848,47479,1
4328,103872,47479,0
4329,103896,47479,0
4330,103920,47479,0
4331,103944,47479,0
4332,103968,47479,0
4333,103992,47479,0
4334,104016,47479,0
4335,104040,47479,0
4336,104064,47479,0
4337,104088,47479,0
4338,104112,47479,0
4339,104136,47479,0
4340,104160,47479,0
4341,104184,47479,0
4342,104208,47479,0
4343,104232,47479,0
4344,104256,47479,0
4345,104280,47479,0
4346,104304,47479,0
4347,104328,47479,0
4348,104352,47479,0
4349,104376,47479,0
4350,104400,47479,0
4351,104424,47479,0
4352,104448,47479,0
4353,104472,47479,0
4354,104496,47479,0
4355,104520,47479,0
4356,104544,47479,0
4357,104568,47479,0
4358,104592,47479,0
4359,104616,47479,0
4360,104640,47479,0
4361,104664,47479,0
4362,104688,47479,0
4363,104712,47479,0
4364,104736,47479,0
4365,104760,47479,0
4366,104784,47479,0
4367,104808,47479,0
4368,104832,47479,0
4369,104856,47479,0
4370,104880,47479,0
4371,104904,47479,0
4372,104928,47479,0
4373,104952,47479,0
4374,104976,47479,0
4375,105000,47479,0
4376,105024,47479,0
4377,105048,47479,0
4378,105072,47479,0
4379,105096,47479,0
4380,105120,47479,0
4381,105144,47479,0
4382,105168,47479,0
4383,105192,47479,0
4384,105216,47479,0
4385,105240,47479,0
4386,105264,47479,0
4387,105288,47479,0
4388,105312,47479,0
4389,105336,47479,0
4390,105360,47479,0
4391,105384,47479,0
4392,105408,47479,0
4393,105432,47479,0
4394,105456,47479,0
4395,105480,47479,0
4396,105504,47479,0
4397,105528,47479,0
4398,105552,47479,0
4399,105576,47479,0
4400,105600,47479,0
4401,105624,47479,0
4402,105648,47479,0
4403,105672,47479,0
4404,105696,47479,0
4405,105720,47479,0
4406,105744,47479,0
4407,105768,47479,0
4408,105792,47479,0
4409,105816,47479,0
4410,105840,47479,0
4411,105864,47479,0
4412,105888,47479,0
4413,105912,47479,0
4414,105936,47479,0
4415,105960,47479,0
4416,105984,47479,0
4417,106008,47479,1
4418,106032,47479,1
4419,106056,47479,0
4420,106080,47479,1
4421,106104,47479,1
4422,106128,47479,1
4423,106152,47479,0
4424,106176,47479,0
4425,106200,47479,0
4426,106224,47479,0
4427,106248,47479,0
4428,106272,47479,0
4429,106296,47479,0
4430,106320,47479,0
4431,106344,47479,1
4432,106368,47479,0
4433,106392,47479,0
4434,106416,47479,1
4435,106440,47479,0
4436,106464,47479,1
4437,106488,47479,1
4438,106512,47479,0
4439,106536,47479,0
4440,106560,47479,0
4441,106584,47479,0
4442,106608,47479,0
4443,106632,47479,1
4444,106656,47479,1
4445,106680,47479,0
4446,106704,47479,0
4447,106728,47479,0
4448,106752,47479,0
4449,106776,47479,0
4450,106800,47479,0
4451,106824,47479,0
4452,106848,47479,0
4453,106872,47479,0
4454,106896,47479,0
4455,106920,47479,0
4456,106944,47479,0
4457,106968,47479,0
4458,106992,47479,0
4459,107016,47479,0
4460,107040,47479,0
4461,107064,47479,0
4462,107088,47479,0
4463,107112,47479,0
4464,107136,47479,0
4465,107160,47479,0
4466,107184,47479,0
4467,107208,47479,0
4468,107232,47479,0
4469,107256,47479,0
4470,107280,47479,0
4471,107304,47479,0
4472,107328,47479,0
4473,107352,47479,0
4474,107376,47479,0
4475,107400,47479,0
4476,107424,47479,0
4477,107448,47479,1
4478,107472,47479,1
4479,107496,47479,1
4480,107520,47479,1
4481,107544,47479,1
4482,107568,47479,1
4483,107592,47479,1
4484,107616,47479,1
4485,107640,47479,1
4486,107664,47479,1
4487,107688,47479,1
4488,107712,47479,1
4489,107736,47479,1
4490,107760,47479,1
4491,107784,47479,1
4492,107808,47479,1
4493,107832,47479,1
4494,107856,47479,0
4495,107880,47479,0
4496,107904,47479,0
4497,107928,47479,0
4498,107952,47479,0
4499,107976,47479,0
4500,108000,47479,0
4501,108024,47479,0
4502,108048,47479,0
4503,108072,47479,0
4504,108096,47479,0
4505,108120,47479,0
4506,108144,47479,0
4507,108168,47479,1
4508,108192,47479,0
4509,108216,47479,1
4510,108240,47479,1
4511,108264,47479,1
4512,108288,47479,1
4513,108312,47479,1
4514,108336,47479,1
4515,108360,47479,1
4516,108384,47479,1
4517,108408,47479,1
4518,108432,47479,0
4519,108456,47479,0
4520,108480,47479,0
4521,108504,47479,0
4522,108528,47479,0
4523,108552,47479,0
4524,108576,47479,0
4525,108600,47479,0
4526,108624,47479,0
4527,108648,47479,0
4528,108672,47479,0
4529,108696,47479,0
4530,108720,47479,0
4531,108744,47479,0
4532,108768,47479,1
4533,108792,47479,1
4534,108816,47479,1
4535,108840,47479,1
4536,108864,47479,1
4537,108888,47479,0
4538,108912,47479,1
4539,108936,47479,1
4540,108960,47479,1
4541,108984,47479,1
4542,109008,47479,1
4543,109032,47479,1
4544,109056,47479,1
4545,109080,47479,1
4546,109104,47479,1
4547,109128,47479,1
4548,109152,47479,1
4549,109176,47479,1
4550,109200,47479,0
4551,109224,47479,0
4552,109248,47479,0
4553,109272,47479,0
4554,109296,47479,1
4555,109320,47479,1
4556,109344,47479,1
4557,109368,47479,1
4558,109392,47479,1
4559,109416,47479,1
4560,109440,47479,1
4561,109464,47479,1
4562,109488,47479,0
4563,109512,47479,1
4564,109536,47479,1
4565,109560,47479,1
4566,109584,47479,1
4567,109608,47479,1
4568,109632,47479,1
4569,109656,47479,1
4570,109680,47479,1
4571,109704,47479,1
4572,109728,47479,1
4573,109752,47479,1
4574,109776,47479,1
4575,109800,47479,1
4576,109824,47479,1
4577,109848,47479,1
4578,109872,47479,1
4579,109896,47479,1
4580,109920,47479,1
4581,109944,47479,1
4582,109968,47479,0
4583,109992,47479,0
4584,110016,47479,0
4585,110040,47479,0
4586,110064,47479,0
4587,110088,47479,0
4588,110112,47479,0
4589,110136,47479,0
4590,110160,47479,0
4591,110184,47479,0
4592,110208,47479,1
4593,110232,47479,1
4594,110256,47479,1
4595,110280,47479,0
4596,110304,47479,0
4597,110328,47479,1
4598,110352,47479,1
4599,110376,47479,1
4600,110400,47479,1
4601,110424,47479,1
4602,110448,47479,1
4603,110472,47479,1
4604,110496,47479,1
4605,110520,47479,1
4606,110544,47479,1
4607,110568,47479,1
4608,110592,47479,1
4609,110616,47479,1
4610,110640,47479,0
4611,110664,47479,1
4612,110688,47479,1
4613,110712,47479,1
4614,110736,47479,1
4615,110760,47479,1
4616,110784,47479,1
4617,110808,47479,1
4618,110832,47479,0
4619,110856,47479,1
4620,110880,47479,1
4621,110904,47479,1
4622,110928,47479,1
4623,110952,47479,1
4624,110976,47479,1
4625,111000,47479,1
4626,111024,47479,1
4627,111048,47479,1
4628,111072,47479,1
4629,111096,47479,1
4630,111120,47479,1
4631,111144,47479,1
4632,111168,47479,1
4633,111192,47479,1
4634,111216,47479,1
4635,111240,47479,1
4636,111264,47479,1
4637,111288,47479,0
4638,111312,47479,0
4639,111336,47479,1
4640,111360,47479,1
4641,111384,47479,1
4642,111408,47479,0
4643,111432,47479,1
4644,111456,47479,1
4645,111480,47479,1
4646,111504,47479,0
4647,111528,47479,1
4648,111552,47479,0
4649,111576,47479,1
4650,111600,47479,1
4651,111624,47479,1
4652,111648,47479,1
4653,111672,47479,1
4654,111696,47479,1
4655,111720,47479,1
4656,111744,47479,1
4657,111768,47479,1
4658,111792,47479,1
4659,111816,47479,1
4660,111840,47479,1
4661,111864,47479,1
4662,111888,47479,1
4663,111912,47479,1
4664,111936,47479,1
4665,111960,47479,1
4666,111984,47479,1
4667,112008,47479,1
4668,112032,47479,1
4669,112056,47479,1
4670,112080,47479,0
4671,112104,47479,0
4672,112128,47479,1
4673,112152,47479,1
4674,112176,47479,1
4675,112200,47479,1
4676,112224,47479,1
4677,112248,47479,1
4678,112272,47479,1
4679,112296,47479,1
4680,112320,47479,1
4681,112344,47479,1
4682,112368,47479,1
4683,112392,47479,1
4684,112416,47479,1
4685,112440,47479,1
4686,112464,47479,1
4687,112488,47479,1
4688,112512,47479,1
4689,112536,47479,1
4690,112560,47479,1
4691,112584,47479,1
4692,112608,47479,1
4693,112632,47479,1
4694,112656,47479,1
4695,112680,47479,1
4696,112704,47479,1
4697,112728,47479,1
4698,112752,47479,1
4699,112776,47479,0
4700,112800,47479,0
4701,112824,47479,1
4702,112848,47479,1
4703,112872,47479,1
4704,112896,47479,1
4705,112920,47479,1
4706,112944,47479,1
4707,112968,47479,1
4708,112992,47479,1
4709,113016,47479,1
4710,113040,47479,1
4711,113064,47479,1
4712,113088,47479,1
4713,113112,47479,1
4714,113136,47479,1
4715,113160,47479,1
4716,113184,47479,1
4717,113208,47479,0
4718,113232,47479,1
4719,113256,47479,0
4720,113280,47479,1
4721,113304,47479,1
4722,113328,47479,1
4723,113352,47479,0
4724,113376,47479,0
4725,113400,47479,0
4726,113424,47479,0
4727,113448,47479,0
4728,113472,47479,1
4729,113496,47479,0
4730,113520,47479,0
4731,113544,47479,0
4732,113568,47479,0
4733,113592,47479,0
4734,113616,47479,1
4735,113640,47479,0
4736,113664,47479,0
4737,113688,47479,0
4738,113712,47479,1
4739,113736,47479,1
4740,113760,47479,1
4741,113784,47479,1
4742,113808,47479,0
4743,113832,47479,0
4744,113856,47479,0
4745,113880,47479,0
4746,113904,47479,0
4747,113928,47479,1
4748,113952,47479,1
4749,113976,47479,1
4750,114000,47479,1
4751,114024,47479,1
4752,114048,47479,1
4753,114072,47479,0
4754,114096,47479,0
4755,114120,47479,0
4756,114144,47479,0
4757,114168,47479,0
4758,114192,47479,0
4759,114216,47479,0
4760,114240,47479,0
4761,114264,47479,0
4762,114288,47479,0
4763,114312,47479,0
4764,114336,47479,0
4765,114360,47479,0
4766,114384,47479,0
4767,114408,47479,1
4768,114432,47479,1
4769,114456,47479,0
4770,114480,47479,0
4771,114504,47479,0
4772,114528,47479,0
4773,114552,47479,0
4774,114576,47479,0
4775,114600,47479,0
4776,114624,47479,0
4777,114648,47479,0
4778,114672,47479,0
4779,114696,47479,0
4780,114720,47479,0
4781,114744,47479,0
4782,114768,47479,1
4783,114792,47479,1
4784,114816,47479,0
4785,114840,47479,0
4786,114864,47479,0
4787,114888,47479,0
4788,114912,47479,0
4789,114936,47479,0
4790,114960,47479,0
4791,114984,47479,0
4792,115008,47479,0
4793,115032,47479,0
4794,115056,47479,0
4795,115080,47479,0
4796,115104,47479,0
4797,115128,47479,0
4798,115152,47479,1
4799,115176,47479,0
4800,115200,47479,1
4801,115224,47479,1
4802,115248,47479,1
4803,115272,47479,1
4804,115296,47479,0
4805,115320,47479,1
4806,115344,47479,1
4807,115368,47479,1
4808,115392,47479,1
4809,115416,47479,0
4810,115440,47479,0
4811,115464,47479,0
4812,115488,47479,0
4813,115512,47479,0
4814,115536,47479,0
4815,115560,47479,0
4816,115584,47479,1
4817,115608,47479,1
4818,115632,47479,1
4819,115656,47479,1
4820,115680,47479,1
4821,115704,47479,1
4822,115728,47479,0
4823,115752,47479,0
4824,115776,47479,0
4825,115800,47479,0
4826,115824,47479,0
4827,115848,47479,0
4828,115872,47479,0
4829,115896,47479,0
4830,115920,47479,0
4831,115944,47479,0
4832,115968,47479,0
4833,115992,47479,0
4834,116016,47479,0
4835,116040,47479,0
4836,116064,47479,0
4837,116088,47479,0
4838,116112,47479,0
4839,116136,47479,0
4840,116160,47479,0
4841,116184,47479,0
4842,116208,47479,0
4843,116232,47479,0
4844,116256,47479,0
4845,116280,47479,0
4846,116304,47479,0
4847,116328,47479,0
4848,116352,47479,0
4849,116376,47479,0
4850,116400,47479,0
4851,116424,47479,0
4852,116448,47479,1
4853,116472,47479,0
4854,116496,47479,0
4855,116520,47479,0
4856,116544,47479,1
4857,116568,47479,0
4858,116592,47479,0
4859,116616,47479,0
4860,116640,47479,0
4861,116664,47479,0
4862,116688,47479,0
4863,116712,47479,0
4864,116736,47479,0
4865,116760,47479,0
4866,116784,47479,0
4867,116808,47479,0
4868,116832,47479,0
4869,116856,47479,0
4870,116880,47479,0
4871,116904,47479,0
4872,116928,47479,0
4873,116952,47479,0
4874,116976,47479,0
4875,117000,47479,0
4876,117024,47479,0
4877,117048,47479,0
4878,117072,47479,0
4879,117096,47479,0
4880,117120,47479,0
4881,117144,47479,0
4882,117168,47479,0
4883,117192,47479,0
4884,117216,47479,0
4885,117240,47479,0
4886,117264,47479,0
4887,117288,47479,0
4888,117312,47479,0
4889,117336,47479,0
4890,117360,47479,0
4891,117384,47479,0
4892,117408,47479,0
4893,117432,47479,0
4894,117456,47479,0
4895,117480,47479,0
4896,117504,47479,0
4897,117528,47479,0
4898,117552,47479,0
4899,117576,47479,0
4900,117600,47479,0
4901,117624,47479,0
4902,117648,47479,0
4903,117672,47479,0
4904,117696,47479,0
4905,117720,47479,0
4906,117744,47479,0
